"name","mode","type"
"uid","NULLABLE","STRING"
"Connect_ID","NULLABLE","INTEGER"
"d_794613585","NULLABLE","STRING"
"D_479353866","NULLABLE","STRING"
"D_783167257","NULLABLE","STRING"
"D_407056417","NULLABLE","STRING"
"D_987107433","NULLABLE","STRING"
"D_537153788","NULLABLE","STRING"
"D_167101091","REPEATED","STRING"
"D_894259747","REPEATED","STRING"
"D_180961306","REPEATED","STRING"
"D_900541533","REPEATED","STRING"
"D_874046190","REPEATED","STRING"
"D_543728565","REPEATED","STRING"
"D_874709643","REPEATED","STRING"
"D_725626004","REPEATED","STRING"
"D_347860896","NULLABLE","STRING"
"D_624179836","REPEATED","STRING"
"D_453252072","NULLABLE","STRING"
"D_875208305","NULLABLE","STRING"
"D_323512813","NULLABLE","STRING"
"D_338924834","NULLABLE","STRING"
"D_952682839","NULLABLE","STRING"
"D_746012894","NULLABLE","STRING"
"D_677262300","NULLABLE","STRING"
"D_650399623","NULLABLE","STRING"
"D_820324171","NULLABLE","STRING"
"D_724181652","NULLABLE","STRING"
"D_183572295","NULLABLE","STRING"
"D_848580651","NULLABLE","STRING"
"D_936904328","REPEATED","STRING"
"D_365851428","NULLABLE","STRING"
"D_769668224","NULLABLE","STRING"
"D_109544008","NULLABLE","STRING"
"D_186831207","NULLABLE","STRING"
"D_283634623","NULLABLE","STRING"
"D_164752169","NULLABLE","STRING"
"D_512167179","NULLABLE","STRING"
"D_509933065","NULLABLE","STRING"
"D_967093163","NULLABLE","STRING"
"D_535621923","NULLABLE","STRING"
"D_992987417","NULLABLE","STRING"
"D_170440011","NULLABLE","STRING"
"D_276353712","NULLABLE","STRING"
"D_367374606","NULLABLE","STRING"
"D_659784914","NULLABLE","STRING"
"D_694265648","NULLABLE","STRING"
"D_446999144","NULLABLE","STRING"
"D_784967158","NULLABLE","STRING"
"D_613744428","NULLABLE","STRING"
"D_627122657","NULLABLE","STRING"
"D_761310265","NULLABLE","STRING"
"D_434316600","NULLABLE","STRING"
"D_868232409","NULLABLE","STRING"
"D_739294356","NULLABLE","STRING"
"D_847533056","NULLABLE","STRING"
"D_759004335","NULLABLE","STRING"
"D_646504105","NULLABLE","STRING"
"D_266847650","NULLABLE","STRING"
"D_378892977","NULLABLE","STRING"
"D_406098499_1_1","NULLABLE","STRING"
"D_579563781_1_1","NULLABLE","STRING"
"D_589588769_1_1","NULLABLE","STRING"
"D_890637099_1_1","NULLABLE","STRING"
"D_607773106_1_1","NULLABLE","STRING"
"D_406098499_2_2","NULLABLE","STRING"
"D_579563781_2_2","NULLABLE","STRING"
"D_589588769_2_2","NULLABLE","STRING"
"D_890637099_2_2","NULLABLE","STRING"
"D_607773106_2_2","NULLABLE","STRING"
"D_406098499_3_3","NULLABLE","STRING"
"D_579563781_3_3","NULLABLE","STRING"
"D_589588769_3_3","NULLABLE","STRING"
"D_890637099_3_3","NULLABLE","STRING"
"D_607773106_3_3","NULLABLE","STRING"
"D_406098499_4_4","NULLABLE","STRING"
"D_579563781_4_4","NULLABLE","STRING"
"D_589588769_4_4","NULLABLE","STRING"
"D_890637099_4_4","NULLABLE","STRING"
"D_607773106_4_4","NULLABLE","STRING"
"D_431721131","NULLABLE","STRING"
"D_808806810","NULLABLE","STRING"
"D_714001034_1_1","NULLABLE","STRING"
"D_887697329_1_1","NULLABLE","STRING"
"D_473529484_1_1","NULLABLE","STRING"
"D_873968217_1_1","NULLABLE","STRING"
"D_418392907_1_1","NULLABLE","STRING"
"D_718867914_1_1","NULLABLE","STRING"
"D_714001034_2_2","NULLABLE","STRING"
"D_887697329_2_2","NULLABLE","STRING"
"D_473529484_2_2","NULLABLE","STRING"
"D_873968217_2_2","NULLABLE","STRING"
"D_418392907_2_2","NULLABLE","STRING"
"D_718867914_2_2","NULLABLE","STRING"
"D_714001034_3_3","NULLABLE","STRING"
"D_887697329_3_3","NULLABLE","STRING"
"D_473529484_3_3","NULLABLE","STRING"
"D_873968217_3_3","NULLABLE","STRING"
"D_418392907_3_3","NULLABLE","STRING"
"D_718867914_3_3","NULLABLE","STRING"
"D_714001034_4_4","NULLABLE","STRING"
"D_887697329_4_4","NULLABLE","STRING"
"D_473529484_4_4","NULLABLE","STRING"
"D_873968217_4_4","NULLABLE","STRING"
"D_418392907_4_4","NULLABLE","STRING"
"D_718867914_4_4","NULLABLE","STRING"
"D_207494582","NULLABLE","STRING"
"D_206319592","NULLABLE","STRING"
"D_114529380","NULLABLE","STRING"
"D_403258164","NULLABLE","STRING"
"D_118061122","NULLABLE","STRING"
"D_518387017","NULLABLE","STRING"
"D_279637054","NULLABLE","STRING"
"D_988878019","NULLABLE","STRING"
"D_233198706","NULLABLE","STRING"
"D_686172464","NULLABLE","STRING"
"D_508846529","REPEATED","STRING"
"D_134642404","NULLABLE","STRING"
"D_795940097","NULLABLE","STRING"
"D_406098499_5_5","NULLABLE","STRING"
"D_579563781_5_5","NULLABLE","STRING"
"D_589588769_5_5","NULLABLE","STRING"
"D_890637099_5_5","NULLABLE","STRING"
"D_607773106_5_5","NULLABLE","STRING"
"D_406098499_6_6","NULLABLE","STRING"
"D_579563781_6_6","NULLABLE","STRING"
"D_589588769_6_6","NULLABLE","STRING"
"D_890637099_6_6","NULLABLE","STRING"
"D_607773106_6_6","NULLABLE","STRING"
"D_150344905","NULLABLE","STRING"
"D_796828094","NULLABLE","STRING"
"D_494032093","NULLABLE","STRING"
"D_406098499_7_7","NULLABLE","STRING"
"D_579563781_7_7","NULLABLE","STRING"
"D_589588769_7_7","NULLABLE","STRING"
"D_890637099_7_7","NULLABLE","STRING"
"D_607773106_7_7","NULLABLE","STRING"
"D_317093647","NULLABLE","STRING"
"D_837402132","NULLABLE","STRING"
"D_224791140","NULLABLE","STRING"
"D_406098499_8_8","NULLABLE","STRING"
"D_579563781_8_8","NULLABLE","STRING"
"D_589588769_8_8","NULLABLE","STRING"
"D_890637099_8_8","NULLABLE","STRING"
"D_607773106_8_8","NULLABLE","STRING"
"D_406098499_9_9","NULLABLE","STRING"
"D_579563781_9_9","NULLABLE","STRING"
"D_589588769_9_9","NULLABLE","STRING"
"D_890637099_9_9","NULLABLE","STRING"
"D_607773106_9_9","NULLABLE","STRING"
"D_406098499_10_10","NULLABLE","STRING"
"D_579563781_10_10","NULLABLE","STRING"
"D_589588769_10_10","NULLABLE","STRING"
"D_890637099_10_10","NULLABLE","STRING"
"D_607773106_10_10","NULLABLE","STRING"
"D_406098499_11_11","NULLABLE","STRING"
"D_579563781_11_11","NULLABLE","STRING"
"D_589588769_11_11","NULLABLE","STRING"
"D_890637099_11_11","NULLABLE","STRING"
"D_607773106_11_11","NULLABLE","STRING"
"D_807431780_1_1","NULLABLE","STRING"
"D_807431780_2_2","NULLABLE","STRING"
"D_807431780_3_3","NULLABLE","STRING"
"D_807431780_4_4","NULLABLE","STRING"
"D_807431780_5_5","NULLABLE","STRING"
"D_807431780_6_6","NULLABLE","STRING"
"D_714001034_5_5","NULLABLE","STRING"
"D_473529484_5_5","NULLABLE","STRING"
"D_418392907_5_5","NULLABLE","STRING"
"D_873968217_5_5","NULLABLE","STRING"
"D_887697329_5_5","NULLABLE","STRING"
"D_718867914_5_5","NULLABLE","STRING"
"D_107060069","NULLABLE","STRING"
"D_714001034_6_6","NULLABLE","STRING"
"D_887697329_6_6","NULLABLE","STRING"
"D_473529484_6_6","NULLABLE","STRING"
"D_873968217_6_6","NULLABLE","STRING"
"D_418392907_6_6","NULLABLE","STRING"
"D_718867914_6_6","NULLABLE","STRING"
"D_714001034_7_7","NULLABLE","STRING"
"D_887697329_7_7","NULLABLE","STRING"
"D_473529484_7_7","NULLABLE","STRING"
"D_873968217_7_7","NULLABLE","STRING"
"D_418392907_7_7","NULLABLE","STRING"
"D_718867914_7_7","NULLABLE","STRING"
"D_803129396","NULLABLE","STRING"
"D_406098499_12_12","NULLABLE","STRING"
"D_579563781_12_12","NULLABLE","STRING"
"D_589588769_12_12","NULLABLE","STRING"
"D_890637099_12_12","NULLABLE","STRING"
"D_607773106_12_12","NULLABLE","STRING"
"D_406098499_13_13","NULLABLE","STRING"
"D_579563781_13_13","NULLABLE","STRING"
"D_589588769_13_13","NULLABLE","STRING"
"D_890637099_13_13","NULLABLE","STRING"
"D_607773106_13_13","NULLABLE","STRING"
"D_406098499_14_14","NULLABLE","STRING"
"D_579563781_14_14","NULLABLE","STRING"
"D_589588769_14_14","NULLABLE","STRING"
"D_890637099_14_14","NULLABLE","STRING"
"D_607773106_14_14","NULLABLE","STRING"
"D_406098499_15_15","NULLABLE","STRING"
"D_579563781_15_15","NULLABLE","STRING"
"D_589588769_15_15","NULLABLE","STRING"
"D_890637099_15_15","NULLABLE","STRING"
"D_607773106_15_15","NULLABLE","STRING"
"D_406098499_16_16","NULLABLE","STRING"
"D_579563781_16_16","NULLABLE","STRING"
"D_589588769_16_16","NULLABLE","STRING"
"D_890637099_16_16","NULLABLE","STRING"
"D_607773106_16_16","NULLABLE","STRING"
"D_406098499_17_17","NULLABLE","STRING"
"D_579563781_17_17","NULLABLE","STRING"
"D_589588769_17_17","NULLABLE","STRING"
"D_890637099_17_17","NULLABLE","STRING"
"D_607773106_17_17","NULLABLE","STRING"
"D_406098499_18_18","NULLABLE","STRING"
"D_579563781_18_18","NULLABLE","STRING"
"D_589588769_18_18","NULLABLE","STRING"
"D_890637099_18_18","NULLABLE","STRING"
"D_607773106_18_18","NULLABLE","STRING"
"D_406098499_19_19","NULLABLE","STRING"
"D_579563781_19_19","NULLABLE","STRING"
"D_589588769_19_19","NULLABLE","STRING"
"D_890637099_19_19","NULLABLE","STRING"
"D_607773106_19_19","NULLABLE","STRING"
"D_406098499_20_20","NULLABLE","STRING"
"D_579563781_20_20","NULLABLE","STRING"
"D_589588769_20_20","NULLABLE","STRING"
"D_890637099_20_20","NULLABLE","STRING"
"D_607773106_20_20","NULLABLE","STRING"
"D_406098499_21_21","NULLABLE","STRING"
"D_579563781_21_21","NULLABLE","STRING"
"D_589588769_21_21","NULLABLE","STRING"
"D_890637099_21_21","NULLABLE","STRING"
"D_607773106_21_21","NULLABLE","STRING"
"D_852236900","NULLABLE","STRING"
"D_807431780_7_7","NULLABLE","STRING"
"D_807431780_8_8","NULLABLE","STRING"
"D_807431780_9_9","NULLABLE","STRING"
"D_807431780_10_10","NULLABLE","STRING"
"D_946504570","NULLABLE","STRING"
"D_714001034_8_8","NULLABLE","STRING"
"D_887697329_8_8","NULLABLE","STRING"
"D_473529484_8_8","NULLABLE","STRING"
"D_873968217_8_8","NULLABLE","STRING"
"D_418392907_8_8","NULLABLE","STRING"
"D_718867914_8_8","NULLABLE","STRING"
"D_750420077","REPEATED","STRING"
"D_714001034_9_9","NULLABLE","STRING"
"D_887697329_9_9","NULLABLE","STRING"
"D_473529484_9_9","NULLABLE","STRING"
"D_873968217_9_9","NULLABLE","STRING"
"D_418392907_9_9","NULLABLE","STRING"
"D_718867914_9_9","NULLABLE","STRING"
"D_714001034_10_10","NULLABLE","STRING"
"D_887697329_10_10","NULLABLE","STRING"
"D_473529484_10_10","NULLABLE","STRING"
"D_873968217_10_10","NULLABLE","STRING"
"D_418392907_10_10","NULLABLE","STRING"
"D_718867914_10_10","NULLABLE","STRING"
"D_714001034_11_11","NULLABLE","STRING"
"D_887697329_11_11","NULLABLE","STRING"
"D_473529484_11_11","NULLABLE","STRING"
"D_873968217_11_11","NULLABLE","STRING"
"D_418392907_11_11","NULLABLE","STRING"
"D_718867914_11_11","NULLABLE","STRING"
"D_807431780_11_11","NULLABLE","STRING"
"D_714001034_12_12","NULLABLE","STRING"
"D_887697329_12_12","NULLABLE","STRING"
"D_473529484_12_12","NULLABLE","STRING"
"D_873968217_12_12","NULLABLE","STRING"
"D_418392907_12_12","NULLABLE","STRING"
"D_718867914_12_12","NULLABLE","STRING"
"D_714001034_13_13","NULLABLE","STRING"
"D_887697329_13_13","NULLABLE","STRING"
"D_473529484_13_13","NULLABLE","STRING"
"D_873968217_13_13","NULLABLE","STRING"
"D_418392907_13_13","NULLABLE","STRING"
"D_718867914_13_13","NULLABLE","STRING"
"D_714001034_14_14","NULLABLE","STRING"
"D_887697329_14_14","NULLABLE","STRING"
"D_473529484_14_14","NULLABLE","STRING"
"D_873968217_14_14","NULLABLE","STRING"
"D_418392907_14_14","NULLABLE","STRING"
"D_718867914_14_14","NULLABLE","STRING"
"D_406098499_22_22","NULLABLE","STRING"
"D_579563781_22_22","NULLABLE","STRING"
"D_589588769_22_22","NULLABLE","STRING"
"D_890637099_22_22","NULLABLE","STRING"
"D_607773106_22_22","NULLABLE","STRING"
"D_406098499_23_23","NULLABLE","STRING"
"D_579563781_23_23","NULLABLE","STRING"
"D_589588769_23_23","NULLABLE","STRING"
"D_890637099_23_23","NULLABLE","STRING"
"D_607773106_23_23","NULLABLE","STRING"
"D_807431780_12_12","NULLABLE","STRING"
"D_406098499_24_24","NULLABLE","STRING"
"D_579563781_24_24","NULLABLE","STRING"
"D_589588769_24_24","NULLABLE","STRING"
"D_890637099_24_24","NULLABLE","STRING"
"D_607773106_24_24","NULLABLE","STRING"
"D_714001034_15_15","NULLABLE","STRING"
"D_887697329_15_15","NULLABLE","STRING"
"D_473529484_15_15","NULLABLE","STRING"
"D_873968217_15_15","NULLABLE","STRING"
"D_418392907_15_15","NULLABLE","STRING"
"D_718867914_15_15","NULLABLE","STRING"
"D_807431780_13_13","NULLABLE","STRING"
"D_807431780_14_14","NULLABLE","STRING"
"D_807431780_15_15","NULLABLE","STRING"
"D_807431780_16_16","NULLABLE","STRING"
"D_807431780_17_17","NULLABLE","STRING"
"D_384191091.D_384191091","REPEATED","STRING"
"D_384191091.D_747350323","NULLABLE","STRING"
"D_797626610.D_797626610","REPEATED","STRING"
"D_797626610.D_774928994","NULLABLE","STRING"
"D_588212264.D_588212264","REPEATED","STRING"
"D_588212264.D_486535201","NULLABLE","STRING"
"D_289664241.D_289664241","NULLABLE","STRING"
"D_289664241.D_918409306","NULLABLE","STRING"
"D_555481393.D_555481393","NULLABLE","STRING"
"D_555481393.D_979809707","NULLABLE","STRING"
"D_976808005.D_976808005","REPEATED","STRING"
"D_976808005.D_852296096","NULLABLE","STRING"
"D_884793537.D_206625031","NULLABLE","STRING"
"D_884793537.D_261863326","NULLABLE","STRING"
"D_436333358.D_206625031","NULLABLE","STRING"
"D_436333358.D_261863326","NULLABLE","STRING"
"D_978485677.D_206625031","NULLABLE","STRING"
"D_978485677.D_261863326","NULLABLE","STRING"
"D_846786840.D_261863326","NULLABLE","STRING"
"D_846786840.D_206625031","NULLABLE","STRING"
"D_852898339.D_261863326","NULLABLE","STRING"
"D_852898339.D_206625031","NULLABLE","STRING"
"D_301414575.D_261863326","NULLABLE","STRING"
"D_301414575.D_206625031","NULLABLE","STRING"
"D_114314839.D_600462977","NULLABLE","STRING"
"D_114314839.D_340854069","NULLABLE","STRING"
"D_912857732.D_950080618","NULLABLE","STRING"
"D_912857732.D_821387277","NULLABLE","STRING"
"D_912857732.D_407167089","NULLABLE","STRING"
"D_912857732.D_121646540","NULLABLE","STRING"
"D_912857732.D_503154158","NULLABLE","STRING"
"D_630675760.D_630675760","REPEATED","STRING"
"D_630675760.D_660541817","NULLABLE","STRING"
"D_814664694.D_787193493","NULLABLE","STRING"
"D_814664694.D_814664694","REPEATED","STRING"
"D_422714611.D_807765962","NULLABLE","STRING"
"D_422714611.D_422714611","REPEATED","STRING"
"D_814510313.D_814510313","REPEATED","STRING"
"D_814510313.D_677702321","NULLABLE","STRING"
"D_875221479.D_206625031","NULLABLE","STRING"
"D_875221479.D_261863326","NULLABLE","STRING"
"D_633764113.D_261863326","NULLABLE","STRING"
"D_633764113.D_206625031","NULLABLE","STRING"
"D_178774803.D_334956961","NULLABLE","STRING"
"D_178774803.D_178774803","REPEATED","STRING"
"D_367803647.D_367803647","NULLABLE","STRING"
"D_367803647.D_940387701","NULLABLE","STRING"
"D_700374192.D_923333992","NULLABLE","STRING"
"D_700374192.D_700374192","REPEATED","STRING"
"D_641651634.D_173508724","NULLABLE","STRING"
"D_641651634.D_641651634","REPEATED","STRING"
"D_201449164.D_206625031","NULLABLE","STRING"
"D_201449164.D_261863326","NULLABLE","STRING"
"D_554782332.D_206625031","NULLABLE","STRING"
"D_554782332.D_261863326","NULLABLE","STRING"
"D_423547108.D_206625031","NULLABLE","STRING"
"D_423547108.D_261863326","NULLABLE","STRING"
"D_150352141.D_623218391","NULLABLE","STRING"
"D_150352141.D_802622485","NULLABLE","STRING"
"D_150352141.D_206625031","NULLABLE","STRING"
"D_150352141.D_261863326","NULLABLE","STRING"
"D_534007917.D_623218391","NULLABLE","STRING"
"D_534007917.D_802622485","NULLABLE","STRING"
"D_534007917.D_261863326","NULLABLE","STRING"
"D_534007917.D_206625031","NULLABLE","STRING"
"D_354326265.D_378988419","NULLABLE","STRING"
"D_354326265.D_354326265","REPEATED","STRING"
"D_402548942.D_261863326","NULLABLE","STRING"
"D_402548942.D_206625031","NULLABLE","STRING"
"D_433604862.D_261863326","NULLABLE","STRING"
"D_433604862.D_206625031","NULLABLE","STRING"
"D_869387390_1_1.D_478706011_1_1","NULLABLE","STRING"
"D_869387390_1_1.D_869387390_1_1","REPEATED","STRING"
"D_869387390_1_1.D_478706011_1","NULLABLE","STRING"
"D_869387390_2_2.D_478706011_2_2","NULLABLE","STRING"
"D_869387390_2_2.D_478706011_2","NULLABLE","STRING"
"D_869387390_2_2.D_869387390_2_2","REPEATED","STRING"
"D_869387390_3_3.D_478706011_3_3","NULLABLE","STRING"
"D_869387390_3_3.D_869387390_3_3","REPEATED","STRING"
"D_869387390_3_3.D_478706011_3","NULLABLE","STRING"
"D_869387390_4_4.D_478706011_4_4","NULLABLE","STRING"
"D_869387390_4_4.D_869387390_4_4","REPEATED","STRING"
"D_869387390_4_4.D_478706011_4","NULLABLE","STRING"
"D_139655599.D_206625031","NULLABLE","STRING"
"D_139655599.D_261863326","NULLABLE","STRING"
"D_367884741.D_623218391","NULLABLE","STRING"
"D_367884741.D_206625031","NULLABLE","STRING"
"D_367884741.D_802622485","NULLABLE","STRING"
"D_367884741.D_261863326","NULLABLE","STRING"
"D_207025341.D_207025341","REPEATED","STRING"
"D_207025341.D_155535868","NULLABLE","STRING"
"D_247198016.D_206625031","NULLABLE","STRING"
"D_247198016.D_261863326","NULLABLE","STRING"
"D_640010727_1_1.D_299300933_1_1","NULLABLE","STRING"
"D_640010727_1_1.D_299300933_1","NULLABLE","STRING"
"D_640010727_1_1.D_640010727_1_1","REPEATED","STRING"
"D_640010727_2_2.D_299300933_2_2","NULLABLE","STRING"
"D_640010727_2_2.D_640010727_2_2","REPEATED","STRING"
"D_640010727_2_2.D_299300933_2","NULLABLE","STRING"
"D_640010727_3_3.D_299300933_3_3","NULLABLE","STRING"
"D_640010727_3_3.D_299300933_3","NULLABLE","STRING"
"D_640010727_3_3.D_640010727_3_3","REPEATED","STRING"
"D_640010727_4_4.D_299300933_4_4","NULLABLE","STRING"
"D_640010727_4_4.D_299300933_4","NULLABLE","STRING"
"D_640010727_4_4.D_640010727_4_4","REPEATED","STRING"
"D_986275155.D_801653230","NULLABLE","STRING"
"D_986275155.D_661719912","NULLABLE","STRING"
"D_285718391.D_286149234","NULLABLE","STRING"
"D_285718391.D_750097000","NULLABLE","STRING"
"D_285718391.D_318130543","NULLABLE","STRING"
"D_836890480.D_206625031","NULLABLE","STRING"
"D_836890480.D_261863326","NULLABLE","STRING"
"D_448476881.D_206625031","NULLABLE","STRING"
"D_448476881.D_261863326","NULLABLE","STRING"
"D_915230886.D_206625031","NULLABLE","STRING"
"D_915230886.D_261863326","NULLABLE","STRING"
"D_186170949.D_206625031","NULLABLE","STRING"
"D_186170949.D_261863326","NULLABLE","STRING"
"D_628078826.D_517670352","NULLABLE","STRING"
"D_628078826.D_628078826","REPEATED","STRING"
"D_173240848.D_173240848","REPEATED","STRING"
"D_173240848.D_195093589","NULLABLE","STRING"
"D_370198527.D_206625031","NULLABLE","STRING"
"D_370198527.D_261863326","NULLABLE","STRING"
"D_489402657.D_206625031","NULLABLE","STRING"
"D_489402657.D_261863326","NULLABLE","STRING"
"D_530742915.D_530742915","REPEATED","STRING"
"D_530742915.D_739237614","NULLABLE","STRING"
"D_448722126.D_206625031","NULLABLE","STRING"
"D_448722126.D_261863326","NULLABLE","STRING"
"D_904550680.D_261863326","NULLABLE","STRING"
"D_904550680.D_206625031","NULLABLE","STRING"
"D_619481697.D_261863326","NULLABLE","STRING"
"D_619481697.D_206625031","NULLABLE","STRING"
"D_989016875.D_206625031","NULLABLE","STRING"
"D_989016875.D_261863326","NULLABLE","STRING"
"D_173101988.D_261863326","NULLABLE","STRING"
"D_173101988.D_206625031","NULLABLE","STRING"
"D_406011084.D_197994844","NULLABLE","STRING"
"D_406011084.D_261863326","NULLABLE","STRING"
"D_406011084.D_380275309","NULLABLE","STRING"
"D_406011084.D_206625031","NULLABLE","STRING"
"D_785019074.D_206625031","NULLABLE","STRING"
"D_785019074.D_261863326","NULLABLE","STRING"
"D_578895128_1_1.D_578895128_1_1","REPEATED","STRING"
"D_578895128_1_1.D_957429734_1_1","NULLABLE","STRING"
"D_578895128_1_1.D_957429734_1","NULLABLE","STRING"
"D_907590067_1_1.D_206625031_1_1","NULLABLE","STRING"
"D_907590067_1_1.D_261863326_1_1","NULLABLE","STRING"
"D_907590067_1_1.D_206625031_1_1_1_1_1_1_1_1_1_1_1_1_1_1_1_1_1_1_1_1_1_1_1_1_1","NULLABLE","STRING"
"D_907590067_1_1.D_261863326_1_1_1_1_1_1_1_1_1_1_1_1_1_1_1_1_1_1_1_1_1_1_1_1_1","NULLABLE","STRING"
"D_578895128_2_2.D_578895128_2_2","REPEATED","STRING"
"D_578895128_2_2.D_957429734_2_2","NULLABLE","STRING"
"D_578895128_2_2.D_957429734_2","NULLABLE","STRING"
"D_216840563_2_2.D_206625031_2_2","NULLABLE","STRING"
"D_216840563_2_2.D_261863326_2_2","NULLABLE","STRING"
"D_216840563_2_2.D_206625031_2_2_2_2_2_2_2_2_2_2_2_2_2_2_2_2_2_2_2_2_2_2_2_2_2","NULLABLE","STRING"
"D_869387390_5_5.D_478706011_5_5","NULLABLE","STRING"
"D_869387390_5_5.D_869387390_5_5","REPEATED","STRING"
"D_869387390_5_5.D_478706011_5","NULLABLE","STRING"
"D_869387390_6_6.D_478706011_6_6","NULLABLE","STRING"
"D_869387390_6_6.D_869387390_6_6","REPEATED","STRING"
"D_869387390_6_6.D_478706011_6","NULLABLE","STRING"
"D_929240175.D_261863326","NULLABLE","STRING"
"D_929240175.D_206625031","NULLABLE","STRING"
"D_374697037.D_206625031","NULLABLE","STRING"
"D_374697037.D_261863326","NULLABLE","STRING"
"D_467061940.D_206625031","NULLABLE","STRING"
"D_467061940.D_261863326","NULLABLE","STRING"
"D_178353079.D_802622485","NULLABLE","STRING"
"D_178353079.D_206625031","NULLABLE","STRING"
"D_178353079.D_623218391","NULLABLE","STRING"
"D_178353079.D_261863326","NULLABLE","STRING"
"D_550075233.D_623218391","NULLABLE","STRING"
"D_550075233.D_206625031","NULLABLE","STRING"
"D_550075233.D_261863326","NULLABLE","STRING"
"D_550075233.D_802622485","NULLABLE","STRING"
"D_537137982_2_2.D_338020179_2_2","NULLABLE","STRING"
"D_537137982_2_2.D_537137982_2_2","REPEATED","STRING"
"D_537137982_2_2.D_338020179_2","NULLABLE","STRING"
"D_525535977.D_525535977","REPEATED","STRING"
"D_525535977.D_396618548","NULLABLE","STRING"
"D_115616118.D_115616118","REPEATED","STRING"
"D_115616118.D_403180970","NULLABLE","STRING"
"D_671308090.D_206625031","NULLABLE","STRING"
"D_671308090.D_261863326","NULLABLE","STRING"
"D_210325948.D_206625031","NULLABLE","STRING"
"D_210325948.D_261863326","NULLABLE","STRING"
"D_209771602_1_1.D_206625031_1_1","NULLABLE","STRING"
"D_209771602_1_1.D_261863326_1_1","NULLABLE","STRING"
"D_209771602_1_1.D_206625031_1_1_1_1_1_1_1_1_1_1_1_1_1_1_1_1_1_1_1_1_1_1_1_1_1","NULLABLE","STRING"
"D_209771602_1_1.D_261863326_1_1_1_1_1_1_1_1_1_1_1_1_1_1_1_1_1_1_1_1_1_1_1_1_1","NULLABLE","STRING"
"D_209771602_2_2.D_206625031_2_2","NULLABLE","STRING"
"D_209771602_2_2.D_206625031_2_2_2_2_2_2_2_2_2_2_2_2_2_2_2_2_2_2_2_2_2_2_2_2_2","NULLABLE","STRING"
"D_209771602_2_2.D_261863326_2_2","NULLABLE","STRING"
"D_209771602_2_2.D_261863326_2_2_2_2_2_2_2_2_2_2_2_2_2_2_2_2_2_2_2_2_2_2_2_2_2","NULLABLE","STRING"
"D_518750011.D_802622485","NULLABLE","STRING"
"D_518750011.D_623218391","NULLABLE","STRING"
"D_518750011.D_206625031","NULLABLE","STRING"
"D_518750011.D_261863326","NULLABLE","STRING"
"D_700889863_1_1.D_261863326_1_1","NULLABLE","STRING"
"D_700889863_1_1.D_206625031_1_1_1_1_1_1_1_1_1_1_1_1_1_1_1_1_1_1_1_1_1_1_1_1_1","NULLABLE","STRING"
"D_700889863_1_1.D_206625031_1_1","NULLABLE","STRING"
"D_301679110.D_261863326","NULLABLE","STRING"
"D_301679110.D_206625031","NULLABLE","STRING"
"D_497311092.D_261863326","NULLABLE","STRING"
"D_497311092.D_206625031","NULLABLE","STRING"
"D_530548878.D_206625031","NULLABLE","STRING"
"D_530548878.D_261863326","NULLABLE","STRING"
"D_521369040.D_206625031","NULLABLE","STRING"
"D_521369040.D_261863326","NULLABLE","STRING"
"D_610382315.D_206625031","NULLABLE","STRING"
"D_610382315.D_261863326","NULLABLE","STRING"
"D_259089008_2_2.D_206625031_2_2","NULLABLE","STRING"
"D_259089008_2_2.D_261863326_2_2","NULLABLE","STRING"
"D_259089008_2_2.D_206625031_2_2_2_2_2_2_2_2_2_2_2_2_2_2_2_2_2_2_2_2_2_2_2_2_2","NULLABLE","STRING"
"D_869387390_7_7.D_478706011_7_7","NULLABLE","STRING"
"D_869387390_7_7.D_869387390_7_7","REPEATED","STRING"
"D_869387390_7_7.D_478706011_7","NULLABLE","STRING"
"D_460062034.D_206625031","NULLABLE","STRING"
"D_460062034.D_261863326","NULLABLE","STRING"
"D_773974223.D_206625031","NULLABLE","STRING"
"D_773974223.D_261863326","NULLABLE","STRING"
"D_954405492.D_261863326","NULLABLE","STRING"
"D_954405492.D_206625031","NULLABLE","STRING"
"D_980403315.D_206625031","NULLABLE","STRING"
"D_980403315.D_261863326","NULLABLE","STRING"
"D_420423416.D_206625031","NULLABLE","STRING"
"D_420423416.D_261863326","NULLABLE","STRING"
"D_158409298_1_1.D_206625031_1_1_1_1_1_1_1_1_1_1_1_1_1_1_1_1_1_1_1_1_1_1_1_1_1","NULLABLE","STRING"
"D_158409298_1_1.D_206625031_1_1","NULLABLE","STRING"
"D_158409298_1_1.D_261863326_1_1","NULLABLE","STRING"
"D_308014437.D_308014437","REPEATED","STRING"
"D_308014437.D_440307926","NULLABLE","STRING"
"D_337278854.D_261863326","NULLABLE","STRING"
"D_337278854.D_206625031","NULLABLE","STRING"
"D_580911251.D_206625031","NULLABLE","STRING"
"D_580911251.D_261863326","NULLABLE","STRING"
"D_431628922.D_431628922","REPEATED","STRING"
"D_431628922.D_963867920","NULLABLE","STRING"
"D_103397024.D_206625031","NULLABLE","STRING"
"D_103397024.D_261863326","NULLABLE","STRING"
"D_891925519.D_206625031","NULLABLE","STRING"
"D_891925519.D_261863326","NULLABLE","STRING"
"D_659627058.D_206625031","NULLABLE","STRING"
"D_659627058.D_261863326","NULLABLE","STRING"
"D_409622468.D_206625031","NULLABLE","STRING"
"D_409622468.D_261863326","NULLABLE","STRING"
"D_236590500_2_2.D_182786508_2_2","NULLABLE","STRING"
"D_236590500_2_2.D_182786508_2","NULLABLE","STRING"
"D_236590500_2_2.D_236590500_2_2","REPEATED","STRING"
"D_752636038.D_623218391","NULLABLE","STRING"
"D_752636038.D_802622485","NULLABLE","STRING"
"D_752636038.D_206625031","NULLABLE","STRING"
"D_752636038.D_261863326","NULLABLE","STRING"
"D_537137982_1_1.D_338020179_1_1","NULLABLE","STRING"
"D_537137982_1_1.D_537137982_1_1","REPEATED","STRING"
"D_537137982_1_1.D_338020179_1","NULLABLE","STRING"
"D_312545873_1_1.D_206625031_1_1","NULLABLE","STRING"
"D_312545873_1_1.D_261863326_1_1","NULLABLE","STRING"
"D_312545873_1_1.D_206625031_1_1_1_1_1_1_1_1_1_1_1_1_1_1_1_1_1_1_1_1_1_1_1_1_1","NULLABLE","STRING"
"D_537137982_4_4.D_338020179_4_4","NULLABLE","STRING"
"D_537137982_4_4.D_537137982_4_4","REPEATED","STRING"
"D_537137982_4_4.D_338020179_4","NULLABLE","STRING"
"D_578895128_4_4.D_578895128_4_4","REPEATED","STRING"
"D_578895128_4_4.D_957429734_4_4","NULLABLE","STRING"
"D_578895128_4_4.D_957429734_4","NULLABLE","STRING"
"D_315987564_4_4.D_261863326_4_4","NULLABLE","STRING"
"D_315987564_4_4.D_206625031_4_4","NULLABLE","STRING"
"D_869387390_8_8.D_478706011_8_8","NULLABLE","STRING"
"D_869387390_8_8.D_869387390_8_8","REPEATED","STRING"
"D_869387390_8_8.D_478706011_8","NULLABLE","STRING"
"D_869387390_9_9.D_478706011_9_9","NULLABLE","STRING"
"D_869387390_9_9.D_869387390_9_9","REPEATED","STRING"
"D_869387390_9_9.D_478706011_9","NULLABLE","STRING"
"D_578895128_9_9.D_957429734_9_9","NULLABLE","STRING"
"D_578895128_9_9.D_578895128_9_9","REPEATED","STRING"
"D_869387390_10_10.D_478706011_10_10","NULLABLE","STRING"
"D_869387390_10_10.D_869387390_10_10","REPEATED","STRING"
"D_869387390_10_10.D_478706011_10","NULLABLE","STRING"
"D_869387390_11_11.D_478706011_11_11","NULLABLE","STRING"
"D_869387390_11_11.D_869387390_11_11","REPEATED","STRING"
"D_869387390_11_11.D_478706011_11","NULLABLE","STRING"
"D_193297280.D_206625031","NULLABLE","STRING"
"D_193297280.D_261863326","NULLABLE","STRING"
"D_259089008_1_1.D_206625031_1_1","NULLABLE","STRING"
"D_259089008_1_1.D_206625031_1_1_1_1_1_1_1_1_1_1_1_1_1_1_1_1_1_1_1_1_1_1_1_1_1","NULLABLE","STRING"
"D_259089008_1_1.D_261863326_1_1","NULLABLE","STRING"
"D_259089008_1_1.D_261863326_1_1_1_1_1_1_1_1_1_1_1_1_1_1_1_1_1_1_1_1_1_1_1_1_1","NULLABLE","STRING"
"D_213545903.D_261863326","NULLABLE","STRING"
"D_213545903.D_206625031","NULLABLE","STRING"
"D_810918716.D_206625031","NULLABLE","STRING"
"D_810918716.D_261863326","NULLABLE","STRING"
"D_882263738.D_261863326","NULLABLE","STRING"
"D_882263738.D_206625031","NULLABLE","STRING"
"D_537137982_3_3.D_338020179_3_3","NULLABLE","STRING"
"D_537137982_3_3.D_537137982_3_3","REPEATED","STRING"
"D_537137982_3_3.D_338020179_3","NULLABLE","STRING"
"D_860920332.D_623218391","NULLABLE","STRING"
"D_860920332.D_802622485","NULLABLE","STRING"
"D_860920332.D_206625031","NULLABLE","STRING"
"D_860920332.D_261863326","NULLABLE","STRING"
"D_122887481.D_802622485","NULLABLE","STRING"
"D_122887481.D_623218391","NULLABLE","STRING"
"D_122887481.D_206625031","NULLABLE","STRING"
"D_122887481.D_261863326","NULLABLE","STRING"
"D_986613440.D_623218391","NULLABLE","STRING"
"D_986613440.D_802622485","NULLABLE","STRING"
"D_986613440.D_261863326","NULLABLE","STRING"
"D_986613440.D_206625031","NULLABLE","STRING"
"D_683981980.D_206625031","NULLABLE","STRING"
"D_683981980.D_261863326","NULLABLE","STRING"
"D_726451917.D_206625031","NULLABLE","STRING"
"D_726451917.D_261863326","NULLABLE","STRING"
"D_857915436.D_907038282","NULLABLE","STRING"
"D_857915436.D_970839481","NULLABLE","STRING"
"D_857915436.D_379899229","NULLABLE","STRING"
"D_857915436.D_728926441","NULLABLE","STRING"
"D_857915436.D_284580415","NULLABLE","STRING"
"D_110652436.D_261863326","NULLABLE","STRING"
"D_110652436.D_206625031","NULLABLE","STRING"
"D_359291056.D_206625031","NULLABLE","STRING"
"D_359291056.D_261863326","NULLABLE","STRING"
"D_578895128_3_3.D_578895128_3_3","REPEATED","STRING"
"D_578895128_3_3.D_957429734_3_3","NULLABLE","STRING"
"D_578895128_3_3.D_957429734_3","NULLABLE","STRING"
"D_700889863_3_3.D_206625031_3_3","NULLABLE","STRING"
"D_700889863_3_3.D_261863326_3_3","NULLABLE","STRING"
"D_700889863_3_3.D_206625031_3_3_3_3_3_3_3_3_3_3_3_3_3_3_3_3_3_3_3_3_3_3_3_3_3","NULLABLE","STRING"
"D_700889863_3_3.D_261863326_3_3_3_3_3_3_3_3_3_3_3_3_3_3_3_3_3_3_3_3_3_3_3_3_3","NULLABLE","STRING"
"D_578895128_5_5.D_578895128_5_5","REPEATED","STRING"
"D_578895128_5_5.D_957429734_5_5","NULLABLE","STRING"
"D_578895128_5_5.D_957429734_5","NULLABLE","STRING"
"D_209771602_5_5.D_206625031_5_5","NULLABLE","STRING"
"D_209771602_5_5.D_206625031_5_5_5_5_5_5_5_5_5_5_5_5_5_5_5_5_5_5_5_5_5_5_5_5_5","NULLABLE","STRING"
"D_209771602_5_5.D_261863326_5_5","NULLABLE","STRING"
"D_537137982_6_6.D_338020179_6_6","NULLABLE","STRING"
"D_537137982_6_6.D_537137982_6_6","REPEATED","STRING"
"D_537137982_6_6.D_338020179_6","NULLABLE","STRING"
"D_517307064.D_517307064","REPEATED","STRING"
"D_517307064.D_942347130","NULLABLE","STRING"
"D_287605131.D_623218391","NULLABLE","STRING"
"D_287605131.D_802622485","NULLABLE","STRING"
"D_578895128_6_6.D_578895128_6_6","REPEATED","STRING"
"D_578895128_6_6.D_957429734_6_6","NULLABLE","STRING"
"D_907590067_6_6.D_206625031_6_6","NULLABLE","STRING"
"D_907590067_6_6.D_261863326_6_6","NULLABLE","STRING"
"D_907590067_6_6.D_261863326_6_6_6_6_6_6_6_6_6_6_6_6_6_6_6_6_6_6_6_6_6_6_6_6_6","NULLABLE","STRING"
"D_907590067_6_6.D_206625031_6_6_6_6_6_6_6_6_6_6_6_6_6_6_6_6_6_6_6_6_6_6_6_6_6","NULLABLE","STRING"
"D_838564850.D_206625031","NULLABLE","STRING"
"D_838564850.D_261863326","NULLABLE","STRING"
"D_808655074.D_206625031","NULLABLE","STRING"
"D_808655074.D_261863326","NULLABLE","STRING"
"D_391972881_1_1.D_206625031_1_1","NULLABLE","STRING"
"D_391972881_1_1.D_261863326_1_1","NULLABLE","STRING"
"D_391972881_1_1.D_206625031_1_1_1_1_1_1_1_1_1_1_1_1_1_1_1_1_1_1_1_1_1_1_1_1_1","NULLABLE","STRING"
"D_315987564_1_1.D_206625031_1_1","NULLABLE","STRING"
"D_315987564_1_1.D_261863326_1_1","NULLABLE","STRING"
"D_315987564_1_1.D_206625031_1_1_1_1_1_1_1_1_1_1_1_1_1_1_1_1_1_1_1_1_1_1_1_1_1","NULLABLE","STRING"
"D_685735916.D_206625031","NULLABLE","STRING"
"D_685735916.D_261863326","NULLABLE","STRING"
"D_922524563.D_206625031","NULLABLE","STRING"
"D_922524563.D_261863326","NULLABLE","STRING"
"D_891214661.D_623218391","NULLABLE","STRING"
"D_891214661.D_802622485","NULLABLE","STRING"
"D_907590067_3_3.D_206625031_3_3","NULLABLE","STRING"
"D_907590067_3_3.D_261863326_3_3","NULLABLE","STRING"
"D_907590067_3_3.D_206625031_3_3_3_3_3_3_3_3_3_3_3_3_3_3_3_3_3_3_3_3_3_3_3_3_3","NULLABLE","STRING"
"D_907590067_3_3.D_261863326_3_3_3_3_3_3_3_3_3_3_3_3_3_3_3_3_3_3_3_3_3_3_3_3_3","NULLABLE","STRING"
"D_907590067_2_2.D_206625031_2_2","NULLABLE","STRING"
"D_907590067_2_2.D_261863326_2_2","NULLABLE","STRING"
"D_907590067_2_2.D_206625031_2_2_2_2_2_2_2_2_2_2_2_2_2_2_2_2_2_2_2_2_2_2_2_2_2","NULLABLE","STRING"
"D_907590067_2_2.D_261863326_2_2_2_2_2_2_2_2_2_2_2_2_2_2_2_2_2_2_2_2_2_2_2_2_2","NULLABLE","STRING"
"D_965917116.D_261863326","NULLABLE","STRING"
"D_965917116.D_206625031","NULLABLE","STRING"
"D_640010727_5_5.D_299300933_5_5","NULLABLE","STRING"
"D_640010727_5_5.D_640010727_5_5","REPEATED","STRING"
"D_640010727_5_5.D_299300933_5","NULLABLE","STRING"
"D_882152987.D_623218391","NULLABLE","STRING"
"D_882152987.D_206625031","NULLABLE","STRING"
"D_882152987.D_802622485","NULLABLE","STRING"
"D_692910565.D_206625031","NULLABLE","STRING"
"D_692910565.D_261863326","NULLABLE","STRING"
"D_477690298.D_802622485","NULLABLE","STRING"
"D_477690298.D_623218391","NULLABLE","STRING"
"D_765903702.D_206625031","NULLABLE","STRING"
"D_765903702.D_261863326","NULLABLE","STRING"
"D_593017220.D_206625031","NULLABLE","STRING"
"D_593017220.D_434556295","NULLABLE","STRING"
"D_593017220.D_106010694","NULLABLE","STRING"
"D_593017220.D_261863326","NULLABLE","STRING"
"D_243443318.D_206625031","NULLABLE","STRING"
"D_243443318.D_261863326","NULLABLE","STRING"
"D_216840563_1_1.D_261863326_1_1_1_1_1_1_1_1_1_1_1_1_1_1_1_1_1_1_1_1_1_1_1_1_1","NULLABLE","STRING"
"D_216840563_1_1.D_206625031_1_1","NULLABLE","STRING"
"D_216840563_1_1.D_261863326_1_1","NULLABLE","STRING"
"D_216840563_1_1.D_206625031_1_1_1_1_1_1_1_1_1_1_1_1_1_1_1_1_1_1_1_1_1_1_1_1_1","NULLABLE","STRING"
"D_640010727_6_6.D_299300933_6_6","NULLABLE","STRING"
"D_640010727_6_6.D_640010727_6_6","REPEATED","STRING"
"D_640010727_6_6.D_299300933_6","NULLABLE","STRING"
"D_640010727_7_7.D_299300933_7_7","NULLABLE","STRING"
"D_640010727_7_7.D_299300933_7","NULLABLE","STRING"
"D_640010727_7_7.D_640010727_7_7","REPEATED","STRING"
"D_700889863_2_2.D_206625031_2_2","NULLABLE","STRING"
"D_700889863_2_2.D_261863326_2_2","NULLABLE","STRING"
"D_700889863_2_2.D_206625031_2_2_2_2_2_2_2_2_2_2_2_2_2_2_2_2_2_2_2_2_2_2_2_2_2","NULLABLE","STRING"
"D_700889863_2_2.D_261863326_2_2_2_2_2_2_2_2_2_2_2_2_2_2_2_2_2_2_2_2_2_2_2_2_2","NULLABLE","STRING"
"D_750994269_4_4.D_261863326_4_4","NULLABLE","STRING"
"D_750994269_4_4.D_206625031_4_4","NULLABLE","STRING"
"D_936039586.D_206625031","NULLABLE","STRING"
"D_936039586.D_261863326","NULLABLE","STRING"
"D_142912472_2_2.D_206625031_2_2","NULLABLE","STRING"
"D_142912472_2_2.D_261863326_2_2","NULLABLE","STRING"
"D_142912472_2_2.D_261863326_2_2_2_2_2_2_2_2_2_2_2_2_2_2_2_2_2_2_2_2_2_2_2_2_2","NULLABLE","STRING"
"D_550722030_3_3.D_206625031_3_3","NULLABLE","STRING"
"D_550722030_3_3.D_261863326_3_3","NULLABLE","STRING"
"D_701157499.D_802622485","NULLABLE","STRING"
"D_701157499.D_623218391","NULLABLE","STRING"
"D_827393644.D_827393644","REPEATED","STRING"
"D_827393644.D_899840609","NULLABLE","STRING"
"D_121502359.D_261863326","NULLABLE","STRING"
"D_121502359.D_206625031","NULLABLE","STRING"
"D_282355641.D_802622485","NULLABLE","STRING"
"D_282355641.D_623218391","NULLABLE","STRING"
"D_990114799_1_1.D_206625031_1_1","NULLABLE","STRING"
"D_990114799_1_1.D_261863326_1_1","NULLABLE","STRING"
"D_315987564_2_2.D_206625031_2_2","NULLABLE","STRING"
"D_315987564_2_2.D_206625031_2_2_2_2_2_2_2_2_2_2_2_2_2_2_2_2_2_2_2_2_2_2_2_2_2","NULLABLE","STRING"
"D_315987564_2_2.D_261863326_2_2","NULLABLE","STRING"
"D_315987564_2_2.D_261863326_2_2_2_2_2_2_2_2_2_2_2_2_2_2_2_2_2_2_2_2_2_2_2_2_2","NULLABLE","STRING"
"D_682651189_2_2.D_206625031_2_2","NULLABLE","STRING"
"D_682651189_2_2.D_261863326_2_2","NULLABLE","STRING"
"D_537137982_5_5.D_338020179_5_5","NULLABLE","STRING"
"D_537137982_5_5.D_537137982_5_5","REPEATED","STRING"
"D_537137982_5_5.D_338020179_5","NULLABLE","STRING"
"D_878094302.D_206625031","NULLABLE","STRING"
"D_878094302.D_261863326","NULLABLE","STRING"
"D_312545873_2_2.D_206625031_2_2","NULLABLE","STRING"
"D_312545873_2_2.D_261863326_2_2","NULLABLE","STRING"
"D_312545873_2_2.D_206625031_2_2_2_2_2_2_2_2_2_2_2_2_2_2_2_2_2_2_2_2_2_2_2_2_2","NULLABLE","STRING"
"D_176453768.D_623218391","NULLABLE","STRING"
"D_176453768.D_802622485","NULLABLE","STRING"
"D_539301647.D_623218391","NULLABLE","STRING"
"D_539301647.D_802622485","NULLABLE","STRING"
"D_864981804.D_206625031","NULLABLE","STRING"
"D_864981804.D_261863326","NULLABLE","STRING"
"D_812370563_1_1.D_812370563_1_1","REPEATED","STRING"
"D_812370563_1_1.D_933110091_1_1","NULLABLE","STRING"
"D_812370563_1_1.D_933110091_1","NULLABLE","STRING"
"D_774774759_1_1.D_206625031_1_1","NULLABLE","STRING"
"D_774774759_1_1.D_261863326_1_1","NULLABLE","STRING"
"D_550722030_1_1.D_206625031_1_1","NULLABLE","STRING"
"D_550722030_1_1.D_261863326_1_1","NULLABLE","STRING"
"D_550722030_1_1.D_206625031_1_1_1_1_1_1_1_1_1_1_1_1_1_1_1_1_1_1_1_1_1_1_1_1_1","NULLABLE","STRING"
"D_158354252_1_1.D_206625031_1_1","NULLABLE","STRING"
"D_158354252_1_1.D_206625031_1_1_1_1_1_1_1_1_1_1_1_1_1_1_1_1_1_1_1_1_1_1_1_1_1","NULLABLE","STRING"
"D_158354252_1_1.D_261863326_1_1","NULLABLE","STRING"
"D_514034680_1_1.D_206625031_1_1","NULLABLE","STRING"
"D_514034680_1_1.D_261863326_1_1","NULLABLE","STRING"
"D_514034680_1_1.D_206625031_1_1_1_1_1_1_1_1_1_1_1_1_1_1_1_1_1_1_1_1_1_1_1_1_1","NULLABLE","STRING"
"D_362270886.D_362270886","REPEATED","STRING"
"D_362270886.D_650100414","NULLABLE","STRING"
"D_459764934.D_261863326","NULLABLE","STRING"
"D_459764934.D_206625031","NULLABLE","STRING"
"D_190347832.D_261863326","NULLABLE","STRING"
"D_190347832.D_206625031","NULLABLE","STRING"
"D_158409298_2_2.D_206625031_2_2","NULLABLE","STRING"
"D_158409298_2_2.D_261863326_2_2","NULLABLE","STRING"
"D_158409298_2_2.D_206625031_2_2_2_2_2_2_2_2_2_2_2_2_2_2_2_2_2_2_2_2_2_2_2_2_2","NULLABLE","STRING"
"D_660358706.D_206625031","NULLABLE","STRING"
"D_660358706.D_261863326","NULLABLE","STRING"
"D_570279754_3_3.D_206625031_3_3","NULLABLE","STRING"
"D_570279754_3_3.D_261863326_3_3","NULLABLE","STRING"
"D_812370563_2_2.D_812370563_2_2","REPEATED","STRING"
"D_812370563_2_2.D_933110091_2_2","NULLABLE","STRING"
"D_601211723_2_2.D_206625031_2_2","NULLABLE","STRING"
"D_601211723_2_2.D_261863326_2_2","NULLABLE","STRING"
"D_601211723_2_2.D_206625031_2_2_2_2_2_2_2_2_2_2_2_2_2_2_2_2_2_2_2_2_2_2_2_2_2","NULLABLE","STRING"
"D_860112841_2_2.D_206625031_2_2","NULLABLE","STRING"
"D_860112841_2_2.D_261863326_2_2","NULLABLE","STRING"
"D_860112841_2_2.D_206625031_2_2_2_2_2_2_2_2_2_2_2_2_2_2_2_2_2_2_2_2_2_2_2_2_2","NULLABLE","STRING"
"D_860112841_2_2.D_261863326_2_2_2_2_2_2_2_2_2_2_2_2_2_2_2_2_2_2_2_2_2_2_2_2_2","NULLABLE","STRING"
"D_852278004_2_2.D_206625031_2_2","NULLABLE","STRING"
"D_852278004_2_2.D_261863326_2_2","NULLABLE","STRING"
"D_727260639.D_261863326","NULLABLE","STRING"
"D_727260639.D_206625031","NULLABLE","STRING"
"D_537137982_7_7.D_338020179_7_7","NULLABLE","STRING"
"D_537137982_7_7.D_338020179_7","NULLABLE","STRING"
"D_537137982_7_7.D_537137982_7_7","REPEATED","STRING"
"D_836712013.D_206625031","NULLABLE","STRING"
"D_836712013.D_261863326","NULLABLE","STRING"
"D_624479779.D_206625031","NULLABLE","STRING"
"D_624479779.D_261863326","NULLABLE","STRING"
"D_499434567.D_206625031","NULLABLE","STRING"
"D_499434567.D_261863326","NULLABLE","STRING"
"D_483975329_2_2.D_206625031_2_2","NULLABLE","STRING"
"D_483975329_2_2.D_261863326_2_2","NULLABLE","STRING"
"D_529744595_2_2.D_206625031_2_2","NULLABLE","STRING"
"D_529744595_2_2.D_261863326_2_2","NULLABLE","STRING"
"D_529744595_2_2.D_261863326_2_2_2_2_2_2_2_2_2_2_2_2_2_2_2_2_2_2_2_2_2_2_2_2_2","NULLABLE","STRING"
"D_529744595_2_2.D_206625031_2_2_2_2_2_2_2_2_2_2_2_2_2_2_2_2_2_2_2_2_2_2_2_2_2","NULLABLE","STRING"
"D_236590500_4_4.D_236590500_4_4","REPEATED","STRING"
"D_236590500_4_4.D_182786508_4_4","NULLABLE","STRING"
"D_236590500_4_4.D_182786508_4","NULLABLE","STRING"
"D_236590500_1_1.D_182786508_1_1","NULLABLE","STRING"
"D_236590500_1_1.D_236590500_1_1","REPEATED","STRING"
"D_236590500_1_1.D_182786508_1","NULLABLE","STRING"
"D_430472084.D_206625031","NULLABLE","STRING"
"D_430472084.D_261863326","NULLABLE","STRING"
"D_291855684.D_206625031","NULLABLE","STRING"
"D_291855684.D_261863326","NULLABLE","STRING"
"D_528753070.D_206625031","NULLABLE","STRING"
"D_528753070.D_261863326","NULLABLE","STRING"
"D_351657815.D_351657815","REPEATED","STRING"
"D_351657815.D_576646485","NULLABLE","STRING"
"D_558929585_1_1.D_206625031_1_1","NULLABLE","STRING"
"D_558929585_1_1.D_261863326_1_1","NULLABLE","STRING"
"D_869387390_12_12.D_869387390_12_12","REPEATED","STRING"
"D_869387390_12_12.D_478706011_12_12","NULLABLE","STRING"
"D_869387390_12_12.D_478706011_12","NULLABLE","STRING"
"D_537137982_19_19.D_537137982_19_19","REPEATED","STRING"
"D_145786416.D_623218391","NULLABLE","STRING"
"D_145786416.D_802622485","NULLABLE","STRING"
"D_625249910.D_206625031","NULLABLE","STRING"
"D_625249910.D_261863326","NULLABLE","STRING"
"D_570279754_1_1.D_206625031_1_1","NULLABLE","STRING"
"D_570279754_1_1.D_261863326_1_1","NULLABLE","STRING"
"D_570279754_1_1.D_261863326_1_1_1_1_1_1_1_1_1_1_1_1_1_1_1_1_1_1_1_1_1_1_1_1_1","NULLABLE","STRING"
"D_529744595_1_1.D_206625031_1_1","NULLABLE","STRING"
"D_529744595_1_1.D_206625031_1_1_1_1_1_1_1_1_1_1_1_1_1_1_1_1_1_1_1_1_1_1_1_1_1","NULLABLE","STRING"
"D_529744595_1_1.D_261863326_1_1","NULLABLE","STRING"
"D_968841976.D_206625031","NULLABLE","STRING"
"D_968841976.D_261863326","NULLABLE","STRING"
"D_537137982_8_8.D_338020179_8","NULLABLE","STRING"
"D_537137982_8_8.D_338020179_8_8","NULLABLE","STRING"
"D_537137982_8_8.D_537137982_8_8","REPEATED","STRING"
"D_158409298_7_7.D_206625031_7_7_7_7_7_7_7_7_7_7_7_7_7_7_7_7_7_7_7_7_7_7_7_7_7","NULLABLE","STRING"
"D_158409298_7_7.D_206625031_7_7","NULLABLE","STRING"
"D_578895128_7_7.D_578895128_7_7","REPEATED","STRING"
"D_578895128_7_7.D_957429734_7_7","NULLABLE","STRING"
"D_469947273.D_206625031","NULLABLE","STRING"
"D_469947273.D_261863326","NULLABLE","STRING"
"D_219956652.D_206625031","NULLABLE","STRING"
"D_219956652.D_261863326","NULLABLE","STRING"
"D_428639167.D_623218391","NULLABLE","STRING"
"D_428639167.D_802622485","NULLABLE","STRING"
"D_860112841_3_3.D_206625031_3_3","NULLABLE","STRING"
"D_860112841_3_3.D_261863326_3_3","NULLABLE","STRING"
"D_860112841_3_3.D_261863326_3_3_3_3_3_3_3_3_3_3_3_3_3_3_3_3_3_3_3_3_3_3_3_3_3","NULLABLE","STRING"
"D_682651189_3_3.D_206625031_3_3","NULLABLE","STRING"
"D_682651189_3_3.D_261863326_3_3","NULLABLE","STRING"
"D_624777141.D_206625031","NULLABLE","STRING"
"D_624777141.D_261863326","NULLABLE","STRING"
"D_158409298_5_5.D_206625031_5_5","NULLABLE","STRING"
"D_158409298_5_5.D_261863326_5_5","NULLABLE","STRING"
"D_158409298_5_5.D_206625031_5_5_5_5_5_5_5_5_5_5_5_5_5_5_5_5_5_5_5_5_5_5_5_5_5","NULLABLE","STRING"
"D_681229479.D_206625031","NULLABLE","STRING"
"D_681229479.D_261863326","NULLABLE","STRING"
"D_860112841_1_1.D_206625031_1_1","NULLABLE","STRING"
"D_860112841_1_1.D_261863326_1_1","NULLABLE","STRING"
"D_860112841_1_1.D_206625031_1_1_1_1_1_1_1_1_1_1_1_1_1_1_1_1_1_1_1_1_1_1_1_1_1","NULLABLE","STRING"
"D_860112841_1_1.D_261863326_1_1_1_1_1_1_1_1_1_1_1_1_1_1_1_1_1_1_1_1_1_1_1_1_1","NULLABLE","STRING"
"D_216840563_4_4.D_206625031_4_4","NULLABLE","STRING"
"D_216840563_4_4.D_261863326_4_4","NULLABLE","STRING"
"D_570279754_6_6.D_206625031_6_6","NULLABLE","STRING"
"D_312545873_7_7.D_206625031_7_7","NULLABLE","STRING"
"D_236590500_3_3.D_236590500_3_3","REPEATED","STRING"
"D_236590500_3_3.D_182786508_3_3","NULLABLE","STRING"
"D_236590500_3_3.D_182786508_3","NULLABLE","STRING"
"D_931470797.D_206625031","NULLABLE","STRING"
"D_931470797.D_261863326","NULLABLE","STRING"
"D_152885579.D_206625031","NULLABLE","STRING"
"D_152885579.D_261863326","NULLABLE","STRING"
"D_245861186.D_206625031","NULLABLE","STRING"
"D_245861186.D_261863326","NULLABLE","STRING"
"D_578895128_8_8.D_578895128_8_8","REPEATED","STRING"
"D_578895128_8_8.D_957429734_8_8","NULLABLE","STRING"
"D_259089008_8_8.D_206625031_8_8","NULLABLE","STRING"
"D_275770221.D_802622485","NULLABLE","STRING"
"D_275770221.D_623218391","NULLABLE","STRING"
"D_275770221.D_206625031","NULLABLE","STRING"
"D_275770221.D_261863326","NULLABLE","STRING"
"D_527057404.D_802622485","NULLABLE","STRING"
"D_527057404.D_623218391","NULLABLE","STRING"
"D_527057404.D_261863326","NULLABLE","STRING"
"D_907590067_4_4.D_261863326_4_4","NULLABLE","STRING"
"D_907590067_4_4.D_206625031_4_4","NULLABLE","STRING"
"D_907590067_4_4.D_206625031_4_4_4_4_4_4_4_4_4_4_4_4_4_4_4_4_4_4_4_4_4_4_4_4_4","NULLABLE","STRING"
"D_158354252_3_3.D_261863326_3_3","NULLABLE","STRING"
"D_158354252_3_3.D_206625031_3_3","NULLABLE","STRING"
"D_158354252_3_3.D_206625031_3_3_3_3_3_3_3_3_3_3_3_3_3_3_3_3_3_3_3_3_3_3_3_3_3","NULLABLE","STRING"
"D_413536735.D_206625031","NULLABLE","STRING"
"D_413536735.D_261863326","NULLABLE","STRING"
"D_247160067_2_2.D_206625031_2_2","NULLABLE","STRING"
"D_247160067_2_2.D_206625031_2_2_2_2_2_2_2_2_2_2_2_2_2_2_2_2_2_2_2_2_2_2_2_2_2","NULLABLE","STRING"
"D_247160067_2_2.D_261863326_2_2","NULLABLE","STRING"
"D_684692228.D_206625031","NULLABLE","STRING"
"D_684692228.D_261863326","NULLABLE","STRING"
"D_236590500_5_5.D_182786508_5_5","NULLABLE","STRING"
"D_236590500_5_5.D_236590500_5_5","REPEATED","STRING"
"D_236590500_5_5.D_182786508_5","NULLABLE","STRING"
"D_671347092.D_206625031","NULLABLE","STRING"
"D_671347092.D_261863326","NULLABLE","STRING"
"D_247160067_1_1.D_206625031_1_1","NULLABLE","STRING"
"D_247160067_1_1.D_261863326_1_1","NULLABLE","STRING"
"D_247160067_1_1.D_206625031_1_1_1_1_1_1_1_1_1_1_1_1_1_1_1_1_1_1_1_1_1_1_1_1_1","NULLABLE","STRING"
"D_271684775_1_1.D_206625031_1_1_1_1_1_1_1_1_1_1_1_1_1_1_1_1_1_1_1_1_1_1_1_1_1","NULLABLE","STRING"
"D_271684775_1_1.D_206625031_1_1","NULLABLE","STRING"
"D_271684775_1_1.D_261863326_1_1","NULLABLE","STRING"
"D_252160589_1_1.D_206625031_1_1_1_1_1_1_1_1_1_1_1_1_1_1_1_1_1_1_1_1_1_1_1_1_1","NULLABLE","STRING"
"D_252160589_1_1.D_206625031_1_1","NULLABLE","STRING"
"D_252160589_1_1.D_261863326_1_1","NULLABLE","STRING"
"D_514034680_2_2.D_206625031_2_2","NULLABLE","STRING"
"D_514034680_2_2.D_261863326_2_2","NULLABLE","STRING"
"D_514034680_2_2.D_261863326_2_2_2_2_2_2_2_2_2_2_2_2_2_2_2_2_2_2_2_2_2_2_2_2_2","NULLABLE","STRING"
"D_514034680_2_2.D_206625031_2_2_2_2_2_2_2_2_2_2_2_2_2_2_2_2_2_2_2_2_2_2_2_2_2","NULLABLE","STRING"
"D_523188839.D_261863326","NULLABLE","STRING"
"D_523188839.D_206625031","NULLABLE","STRING"
"D_905145893_1_1.D_206625031_1_1","NULLABLE","STRING"
"D_905145893_1_1.D_206625031_1_1_1_1_1_1_1_1_1_1_1_1_1_1_1_1_1_1_1_1_1_1_1_1_1","NULLABLE","STRING"
"D_654594205_3_3.D_261863326_3_3","NULLABLE","STRING"
"D_654594205_3_3.D_206625031_3_3","NULLABLE","STRING"
"D_654594205_3_3.D_206625031_3_3_3_3_3_3_3_3_3_3_3_3_3_3_3_3_3_3_3_3_3_3_3_3_3","NULLABLE","STRING"
"D_570279754_2_2.D_206625031_2_2","NULLABLE","STRING"
"D_570279754_2_2.D_206625031_2_2_2_2_2_2_2_2_2_2_2_2_2_2_2_2_2_2_2_2_2_2_2_2_2","NULLABLE","STRING"
"D_570279754_2_2.D_261863326_2_2","NULLABLE","STRING"
"D_537137982_10_10.D_338020179_10_10","NULLABLE","STRING"
"D_537137982_10_10.D_537137982_10_10","REPEATED","STRING"
"D_537137982_10_10.D_338020179_10","NULLABLE","STRING"
"D_522464057.D_206625031","NULLABLE","STRING"
"D_522464057.D_261863326","NULLABLE","STRING"
"D_142912472_1_1.D_206625031_1_1","NULLABLE","STRING"
"D_142912472_1_1.D_261863326_1_1","NULLABLE","STRING"
"D_142912472_1_1.D_261863326_1_1_1_1_1_1_1_1_1_1_1_1_1_1_1_1_1_1_1_1_1_1_1_1_1","NULLABLE","STRING"
"D_142912472_1_1.D_206625031_1_1_1_1_1_1_1_1_1_1_1_1_1_1_1_1_1_1_1_1_1_1_1_1_1","NULLABLE","STRING"
"D_550722030_2_2.D_206625031_2_2","NULLABLE","STRING"
"D_550722030_2_2.D_261863326_2_2","NULLABLE","STRING"
"D_550722030_2_2.D_261863326_2_2_2_2_2_2_2_2_2_2_2_2_2_2_2_2_2_2_2_2_2_2_2_2_2","NULLABLE","STRING"
"D_550722030_2_2.D_206625031_2_2_2_2_2_2_2_2_2_2_2_2_2_2_2_2_2_2_2_2_2_2_2_2_2","NULLABLE","STRING"
"D_209771602_6_6.D_206625031_6_6","NULLABLE","STRING"
"D_209771602_6_6.D_206625031_6_6_6_6_6_6_6_6_6_6_6_6_6_6_6_6_6_6_6_6_6_6_6_6_6","NULLABLE","STRING"
"D_209771602_6_6.D_261863326_6_6","NULLABLE","STRING"
"D_483975329_1_1.D_206625031_1_1","NULLABLE","STRING"
"D_483975329_1_1.D_261863326_1_1","NULLABLE","STRING"
"D_252160589_2_2.D_206625031_2_2","NULLABLE","STRING"
"D_252160589_2_2.D_206625031_2_2_2_2_2_2_2_2_2_2_2_2_2_2_2_2_2_2_2_2_2_2_2_2_2","NULLABLE","STRING"
"D_135519371.D_206625031","NULLABLE","STRING"
"D_135519371.D_261863326","NULLABLE","STRING"
"D_391972881_7_7.D_206625031_7_7","NULLABLE","STRING"
"D_391972881_7_7.D_261863326_7_7","NULLABLE","STRING"
"D_209771602_3_3.D_206625031_3_3","NULLABLE","STRING"
"D_209771602_3_3.D_261863326_3_3","NULLABLE","STRING"
"D_209771602_3_3.D_206625031_3_3_3_3_3_3_3_3_3_3_3_3_3_3_3_3_3_3_3_3_3_3_3_3_3","NULLABLE","STRING"
"D_750994269_2_2.D_206625031_2_2","NULLABLE","STRING"
"D_750994269_2_2.D_261863326_2_2","NULLABLE","STRING"
"D_750994269_2_2.D_206625031_2_2_2_2_2_2_2_2_2_2_2_2_2_2_2_2_2_2_2_2_2_2_2_2_2","NULLABLE","STRING"
"D_750994269_2_2.D_261863326_2_2_2_2_2_2_2_2_2_2_2_2_2_2_2_2_2_2_2_2_2_2_2_2_2","NULLABLE","STRING"
"D_907590067_5_5.D_206625031_5_5","NULLABLE","STRING"
"D_907590067_5_5.D_261863326_5_5","NULLABLE","STRING"
"D_907590067_5_5.D_206625031_5_5_5_5_5_5_5_5_5_5_5_5_5_5_5_5_5_5_5_5_5_5_5_5_5","NULLABLE","STRING"
"D_312545873_3_3.D_206625031_3_3","NULLABLE","STRING"
"D_312545873_3_3.D_261863326_3_3","NULLABLE","STRING"
"D_312545873_3_3.D_261863326_3_3_3_3_3_3_3_3_3_3_3_3_3_3_3_3_3_3_3_3_3_3_3_3_3","NULLABLE","STRING"
"D_312545873_3_3.D_206625031_3_3_3_3_3_3_3_3_3_3_3_3_3_3_3_3_3_3_3_3_3_3_3_3_3","NULLABLE","STRING"
"D_158409298_3_3.D_206625031_3_3","NULLABLE","STRING"
"D_158409298_3_3.D_261863326_3_3","NULLABLE","STRING"
"D_158409298_3_3.D_206625031_3_3_3_3_3_3_3_3_3_3_3_3_3_3_3_3_3_3_3_3_3_3_3_3_3","NULLABLE","STRING"
"D_158409298_3_3.D_261863326_3_3_3_3_3_3_3_3_3_3_3_3_3_3_3_3_3_3_3_3_3_3_3_3_3","NULLABLE","STRING"
"D_384881609_7_7.D_261863326_7_7","NULLABLE","STRING"
"D_384881609_7_7.D_206625031_7_7","NULLABLE","STRING"
"D_700889863_4_4.D_206625031_4_4","NULLABLE","STRING"
"D_700889863_4_4.D_206625031_4_4_4_4_4_4_4_4_4_4_4_4_4_4_4_4_4_4_4_4_4_4_4_4_4","NULLABLE","STRING"
"D_700889863_4_4.D_261863326_4_4","NULLABLE","STRING"
"D_209771602_8_8.D_206625031_8_8","NULLABLE","STRING"
"D_845219872_2_2.D_206625031_2_2","NULLABLE","STRING"
"D_158354252_2_2.D_261863326_2_2","NULLABLE","STRING"
"D_158354252_2_2.D_206625031_2_2","NULLABLE","STRING"
"D_158354252_2_2.D_261863326_2_2_2_2_2_2_2_2_2_2_2_2_2_2_2_2_2_2_2_2_2_2_2_2_2","NULLABLE","STRING"
"D_158354252_2_2.D_206625031_2_2_2_2_2_2_2_2_2_2_2_2_2_2_2_2_2_2_2_2_2_2_2_2_2","NULLABLE","STRING"
"D_209771602_4_4.D_206625031_4_4","NULLABLE","STRING"
"D_209771602_4_4.D_261863326_4_4","NULLABLE","STRING"
"D_209771602_4_4.D_261863326_4_4_4_4_4_4_4_4_4_4_4_4_4_4_4_4_4_4_4_4_4_4_4_4_4","NULLABLE","STRING"
"D_514034680_4_4.D_261863326_4_4","NULLABLE","STRING"
"D_514034680_4_4.D_206625031_4_4","NULLABLE","STRING"
"D_514034680_4_4.D_206625031_4_4_4_4_4_4_4_4_4_4_4_4_4_4_4_4_4_4_4_4_4_4_4_4_4","NULLABLE","STRING"
"D_195363361_4_4.D_206625031_4_4","NULLABLE","STRING"
"D_195363361_4_4.D_261863326_4_4","NULLABLE","STRING"
"D_852278004_1_1.D_206625031_1_1","NULLABLE","STRING"
"D_852278004_1_1.D_261863326_1_1","NULLABLE","STRING"
"D_852278004_1_1.D_206625031_1_1_1_1_1_1_1_1_1_1_1_1_1_1_1_1_1_1_1_1_1_1_1_1_1","NULLABLE","STRING"
"D_259089008_3_3.D_206625031_3_3","NULLABLE","STRING"
"D_259089008_3_3.D_261863326_3_3","NULLABLE","STRING"
"D_259089008_3_3.D_206625031_3_3_3_3_3_3_3_3_3_3_3_3_3_3_3_3_3_3_3_3_3_3_3_3_3","NULLABLE","STRING"
"D_907776050_1_1.D_206625031_1_1","NULLABLE","STRING"
"D_907776050_1_1.D_261863326_1_1","NULLABLE","STRING"
"D_312545873_5_5.D_206625031_5_5","NULLABLE","STRING"
"D_312545873_5_5.D_261863326_5_5","NULLABLE","STRING"
"D_640010727_8_8.D_299300933_8_8","NULLABLE","STRING"
"D_640010727_8_8.D_640010727_8_8","REPEATED","STRING"
"D_640010727_8_8.D_299300933_8","NULLABLE","STRING"
"D_278159347_3_3.D_206625031_3_3","NULLABLE","STRING"
"D_278159347_3_3.D_261863326_3_3","NULLABLE","STRING"
"D_278159347_3_3.D_206625031_3_3_3_3_3_3_3_3_3_3_3_3_3_3_3_3_3_3_3_3_3_3_3_3_3","NULLABLE","STRING"
"D_812370563_3_3.D_933110091_3_3","NULLABLE","STRING"
"D_812370563_3_3.D_812370563_3_3","REPEATED","STRING"
"D_812370563_3_3.D_933110091_3","NULLABLE","STRING"
"D_682651189_1_1.D_206625031_1_1_1_1_1_1_1_1_1_1_1_1_1_1_1_1_1_1_1_1_1_1_1_1_1","NULLABLE","STRING"
"D_682651189_1_1.D_206625031_1_1","NULLABLE","STRING"
"D_682651189_1_1.D_261863326_1_1","NULLABLE","STRING"
"D_795003496_2_2.D_206625031_2_2","NULLABLE","STRING"
"D_795003496_2_2.D_261863326_2_2","NULLABLE","STRING"
"D_247160067_3_3.D_206625031_3_3","NULLABLE","STRING"
"D_247160067_3_3.D_261863326_3_3_3_3_3_3_3_3_3_3_3_3_3_3_3_3_3_3_3_3_3_3_3_3_3","NULLABLE","STRING"
"D_247160067_3_3.D_261863326_3_3","NULLABLE","STRING"
"D_204425387_1_1.D_206625031_1_1","NULLABLE","STRING"
"D_204425387_1_1.D_261863326_1_1","NULLABLE","STRING"
"D_750994269_5_5.D_206625031_5_5","NULLABLE","STRING"
"D_315987564_8_8.D_206625031_8_8","NULLABLE","STRING"
"D_537137982_9_9.D_338020179_9_9","NULLABLE","STRING"
"D_537137982_9_9.D_537137982_9_9","REPEATED","STRING"
"D_537137982_9_9.D_338020179_9","NULLABLE","STRING"
"D_578895128_10_10.D_578895128_10_10","REPEATED","STRING"
"D_578895128_10_10.D_957429734_10_10","NULLABLE","STRING"
"D_315987564_10_10.D_206625031_10_10","NULLABLE","STRING"
"D_247160067_5_5.D_206625031_5_5","NULLABLE","STRING"
"D_247160067_5_5.D_206625031_5_5_5_5_5_5_5_5_5_5_5_5_5_5_5_5_5_5_5_5_5_5_5_5_5","NULLABLE","STRING"
"D_278159347_2_2.D_206625031_2_2","NULLABLE","STRING"
"D_252160589_3_3.D_206625031_3_3","NULLABLE","STRING"
"D_907590067_10_10.D_206625031_10_10","NULLABLE","STRING"
"D_907590067_10_10.D_261863326_10_10","NULLABLE","STRING"
"D_869387390_13_13.D_869387390_13_13","REPEATED","STRING"
"D_869387390_13_13.D_478706011_13_13","NULLABLE","STRING"
"D_682651189_4_4.D_206625031_4_4","NULLABLE","STRING"
"D_682651189_4_4.D_261863326_4_4","NULLABLE","STRING"
"D_682651189_4_4.D_206625031_4_4_4_4_4_4_4_4_4_4_4_4_4_4_4_4_4_4_4_4_4_4_4_4_4","NULLABLE","STRING"
"D_750994269_3_3.D_206625031_3_3","NULLABLE","STRING"
"D_750994269_3_3.D_206625031_3_3_3_3_3_3_3_3_3_3_3_3_3_3_3_3_3_3_3_3_3_3_3_3_3","NULLABLE","STRING"
"D_750994269_3_3.D_261863326_3_3","NULLABLE","STRING"
"D_158409298_6_6.D_206625031_6_6","NULLABLE","STRING"
"D_158409298_6_6.D_261863326_6_6","NULLABLE","STRING"
"D_158409298_9_9.D_206625031_9_9","NULLABLE","STRING"
"D_570279754_5_5.D_206625031_5_5","NULLABLE","STRING"
"D_570279754_5_5.D_261863326_5_5","NULLABLE","STRING"
"D_315987564_5_5.D_206625031_5_5","NULLABLE","STRING"
"D_315987564_5_5.D_206625031_5_5_5_5_5_5_5_5_5_5_5_5_5_5_5_5_5_5_5_5_5_5_5_5_5","NULLABLE","STRING"
"D_315987564_5_5.D_261863326_5_5","NULLABLE","STRING"
"D_204425387_3_3.D_206625031_3_3","NULLABLE","STRING"
"D_259397450.D_261863326","NULLABLE","STRING"
"D_259397450.D_206625031","NULLABLE","STRING"
"D_259089008_4_4.D_206625031_4_4","NULLABLE","STRING"
"D_259089008_4_4.D_261863326_4_4","NULLABLE","STRING"
"D_259089008_4_4.D_206625031_4_4_4_4_4_4_4_4_4_4_4_4_4_4_4_4_4_4_4_4_4_4_4_4_4","NULLABLE","STRING"
"D_869387390_14_14.D_478706011_14_14","NULLABLE","STRING"
"D_869387390_14_14.D_869387390_14_14","REPEATED","STRING"
"D_869387390_15_15.D_478706011_15_15","NULLABLE","STRING"
"D_869387390_15_15.D_869387390_15_15","REPEATED","STRING"
"D_869387390_16_16.D_478706011_16_16","NULLABLE","STRING"
"D_869387390_16_16.D_869387390_16_16","REPEATED","STRING"
"D_514034680_3_3.D_206625031_3_3","NULLABLE","STRING"
"D_514034680_3_3.D_261863326_3_3","NULLABLE","STRING"
"D_750994269_1_1.D_206625031_1_1","NULLABLE","STRING"
"D_750994269_1_1.D_261863326_1_1","NULLABLE","STRING"
"D_750994269_1_1.D_206625031_1_1_1_1_1_1_1_1_1_1_1_1_1_1_1_1_1_1_1_1_1_1_1_1_1","NULLABLE","STRING"
"D_315987564_3_3.D_206625031_3_3_3_3_3_3_3_3_3_3_3_3_3_3_3_3_3_3_3_3_3_3_3_3_3","NULLABLE","STRING"
"D_315987564_3_3.D_206625031_3_3","NULLABLE","STRING"
"D_315987564_3_3.D_261863326_3_3","NULLABLE","STRING"
"D_315987564_3_3.D_261863326_3_3_3_3_3_3_3_3_3_3_3_3_3_3_3_3_3_3_3_3_3_3_3_3_3","NULLABLE","STRING"
"D_812370563_4_4.D_812370563_4_4","REPEATED","STRING"
"D_812370563_4_4.D_933110091_4_4","NULLABLE","STRING"
"D_601211723_4_4.D_206625031_4_4","NULLABLE","STRING"
"D_907590067_7_7.D_206625031_7_7","NULLABLE","STRING"
"D_907590067_7_7.D_261863326_7_7_7_7_7_7_7_7_7_7_7_7_7_7_7_7_7_7_7_7_7_7_7_7_7","NULLABLE","STRING"
"D_907590067_7_7.D_206625031_7_7_7_7_7_7_7_7_7_7_7_7_7_7_7_7_7_7_7_7_7_7_7_7_7","NULLABLE","STRING"
"D_907590067_7_7.D_261863326_7_7","NULLABLE","STRING"
"D_700889863_5_5.D_206625031_5_5","NULLABLE","STRING"
"D_700889863_5_5.D_261863326_5_5","NULLABLE","STRING"
"D_391972881_2_2.D_206625031_2_2","NULLABLE","STRING"
"D_391972881_2_2.D_206625031_2_2_2_2_2_2_2_2_2_2_2_2_2_2_2_2_2_2_2_2_2_2_2_2_2","NULLABLE","STRING"
"D_391972881_2_2.D_261863326_2_2","NULLABLE","STRING"
"D_654594205_1_1.D_206625031_1_1","NULLABLE","STRING"
"D_654594205_1_1.D_261863326_1_1","NULLABLE","STRING"
"D_654594205_1_1.D_206625031_1_1_1_1_1_1_1_1_1_1_1_1_1_1_1_1_1_1_1_1_1_1_1_1_1","NULLABLE","STRING"
"D_247160067_4_4.D_206625031_4_4","NULLABLE","STRING"
"D_247160067_4_4.D_206625031_4_4_4_4_4_4_4_4_4_4_4_4_4_4_4_4_4_4_4_4_4_4_4_4_4","NULLABLE","STRING"
"D_247160067_4_4.D_261863326_4_4","NULLABLE","STRING"
"D_537137982_17_17.D_338020179_17_17","NULLABLE","STRING"
"D_204425387_2_2.D_261863326_2_2","NULLABLE","STRING"
"D_204425387_2_2.D_206625031_2_2","NULLABLE","STRING"
"D_204425387_2_2.D_206625031_2_2_2_2_2_2_2_2_2_2_2_2_2_2_2_2_2_2_2_2_2_2_2_2_2","NULLABLE","STRING"
"D_682651189_6_6.D_206625031_6_6","NULLABLE","STRING"
"D_682651189_6_6.D_261863326_6_6","NULLABLE","STRING"
"D_391972881_3_3.D_206625031_3_3","NULLABLE","STRING"
"D_391972881_3_3.D_261863326_3_3","NULLABLE","STRING"
"D_483735587_3_3.D_206625031_3_3","NULLABLE","STRING"
"D_483735587_3_3.D_206625031_3_3_3_3_3_3_3_3_3_3_3_3_3_3_3_3_3_3_3_3_3_3_3_3_3","NULLABLE","STRING"
"D_247160067_6_6.D_261863326_6_6","NULLABLE","STRING"
"D_247160067_6_6.D_206625031_6_6","NULLABLE","STRING"
"D_519974530_3_3.D_206625031_3_3","NULLABLE","STRING"
"D_990114799_2_2.D_206625031_2_2","NULLABLE","STRING"
"D_990114799_2_2.D_261863326_2_2","NULLABLE","STRING"
"D_345146692.D_206625031","NULLABLE","STRING"
"D_537137982_11_11.D_537137982_11_11","REPEATED","STRING"
"D_537137982_11_11.D_338020179_11_11","NULLABLE","STRING"
"D_537137982_11_11.D_338020179_11","NULLABLE","STRING"
"D_578895128_11_11.D_578895128_11_11","REPEATED","STRING"
"D_578895128_11_11.D_957429734_11_11","NULLABLE","STRING"
"D_700889863_11_11.D_206625031_11_11","NULLABLE","STRING"
"D_537137982_13_13.D_338020179_13_13","NULLABLE","STRING"
"D_537137982_13_13.D_537137982_13_13","REPEATED","STRING"
"D_578895128_13_13.D_578895128_13_13","REPEATED","STRING"
"D_570279754_13_13.D_206625031_13_13","NULLABLE","STRING"
"D_195363361_2_2.D_206625031_2_2","NULLABLE","STRING"
"D_195363361_2_2.D_261863326_2_2","NULLABLE","STRING"
"D_195363361_2_2.D_206625031_2_2_2_2_2_2_2_2_2_2_2_2_2_2_2_2_2_2_2_2_2_2_2_2_2","NULLABLE","STRING"
"D_158354252_6_6.D_206625031_6_6","NULLABLE","STRING"
"D_158354252_6_6.D_261863326_6_6","NULLABLE","STRING"
"D_514034680_5_5.D_206625031_5_5","NULLABLE","STRING"
"D_514034680_5_5.D_261863326_5_5","NULLABLE","STRING"
"D_938150507_3_3.D_206625031_3_3","NULLABLE","STRING"
"D_938150507_3_3.D_261863326_3_3","NULLABLE","STRING"
"D_483975329_3_3.D_206625031_3_3","NULLABLE","STRING"
"D_483975329_3_3.D_206625031_3_3_3_3_3_3_3_3_3_3_3_3_3_3_3_3_3_3_3_3_3_3_3_3_3","NULLABLE","STRING"
"D_158409298_4_4.D_206625031_4_4","NULLABLE","STRING"
"D_158409298_4_4.D_261863326_4_4_4_4_4_4_4_4_4_4_4_4_4_4_4_4_4_4_4_4_4_4_4_4_4","NULLABLE","STRING"
"D_158409298_4_4.D_261863326_4_4","NULLABLE","STRING"
"D_278159347_1_1.D_206625031_1_1","NULLABLE","STRING"
"D_278159347_1_1.D_206625031_1_1_1_1_1_1_1_1_1_1_1_1_1_1_1_1_1_1_1_1_1_1_1_1_1","NULLABLE","STRING"
"D_278159347_1_1.D_261863326_1_1","NULLABLE","STRING"
"D_969177591_3_3.D_206625031_3_3","NULLABLE","STRING"
"D_969177591_3_3.D_261863326_3_3","NULLABLE","STRING"
"D_195363361_1_1.D_206625031_1_1","NULLABLE","STRING"
"D_195363361_1_1.D_261863326_1_1","NULLABLE","STRING"
"D_195363361_1_1.D_206625031_1_1_1_1_1_1_1_1_1_1_1_1_1_1_1_1_1_1_1_1_1_1_1_1_1","NULLABLE","STRING"
"D_969177591_1_1.D_206625031_1_1","NULLABLE","STRING"
"D_969177591_1_1.D_206625031_1_1_1_1_1_1_1_1_1_1_1_1_1_1_1_1_1_1_1_1_1_1_1_1_1","NULLABLE","STRING"
"D_969177591_1_1.D_261863326_1_1","NULLABLE","STRING"
"D_905145893_2_2.D_261863326_2_2","NULLABLE","STRING"
"D_905145893_2_2.D_206625031_2_2","NULLABLE","STRING"
"D_905145893_2_2.D_206625031_2_2_2_2_2_2_2_2_2_2_2_2_2_2_2_2_2_2_2_2_2_2_2_2_2","NULLABLE","STRING"
"D_195363361_6_6.D_206625031_6_6","NULLABLE","STRING"
"D_195363361_6_6.D_261863326_6_6","NULLABLE","STRING"
"D_570279754_4_4.D_206625031_4_4","NULLABLE","STRING"
"D_570279754_4_4.D_261863326_4_4","NULLABLE","STRING"
"D_259089008_5_5.D_206625031_5_5","NULLABLE","STRING"
"D_259089008_5_5.D_261863326_5_5","NULLABLE","STRING"
"D_654594205_5_5.D_206625031_5_5","NULLABLE","STRING"
"D_654594205_5_5.D_261863326_5_5","NULLABLE","STRING"
"D_990114799_5_5.D_206625031_5_5","NULLABLE","STRING"
"D_860112841_4_4.D_206625031_4_4","NULLABLE","STRING"
"D_860112841_4_4.D_261863326_4_4_4_4_4_4_4_4_4_4_4_4_4_4_4_4_4_4_4_4_4_4_4_4_4","NULLABLE","STRING"
"D_860112841_4_4.D_261863326_4_4","NULLABLE","STRING"
"D_483735587_2_2.D_206625031_2_2","NULLABLE","STRING"
"D_483735587_2_2.D_261863326_2_2","NULLABLE","STRING"
"D_391972881_4_4.D_206625031_4_4","NULLABLE","STRING"
"D_391972881_4_4.D_261863326_4_4","NULLABLE","STRING"
"D_529744595_3_3.D_206625031_3_3","NULLABLE","STRING"
"D_529744595_3_3.D_261863326_3_3","NULLABLE","STRING"
"D_654594205_6_6.D_206625031_6_6","NULLABLE","STRING"
"D_654594205_6_6.D_261863326_6_6","NULLABLE","STRING"
"D_750994269_6_6.D_206625031_6_6","NULLABLE","STRING"
"D_654594205_2_2.D_206625031_2_2","NULLABLE","STRING"
"D_654594205_2_2.D_206625031_2_2_2_2_2_2_2_2_2_2_2_2_2_2_2_2_2_2_2_2_2_2_2_2_2","NULLABLE","STRING"
"D_654594205_2_2.D_261863326_2_2_2_2_2_2_2_2_2_2_2_2_2_2_2_2_2_2_2_2_2_2_2_2_2","NULLABLE","STRING"
"D_654594205_2_2.D_261863326_2_2","NULLABLE","STRING"
"D_483735587_1_1.D_206625031_1_1","NULLABLE","STRING"
"D_483735587_1_1.D_261863326_1_1","NULLABLE","STRING"
"D_209771602_11_11.D_206625031_11_11","NULLABLE","STRING"
"D_195363361_3_3.D_261863326_3_3","NULLABLE","STRING"
"D_195363361_3_3.D_206625031_3_3","NULLABLE","STRING"
"D_529744595_4_4.D_206625031_4_4","NULLABLE","STRING"
"D_529744595_4_4.D_261863326_4_4","NULLABLE","STRING"
"D_969177591_2_2.D_206625031_2_2","NULLABLE","STRING"
"D_158354252_5_5.D_206625031_5_5","NULLABLE","STRING"
"D_158354252_5_5.D_261863326_5_5","NULLABLE","STRING"
"D_216840563_7_7.D_206625031_7_7","NULLABLE","STRING"
"D_601211723_3_3.D_206625031_3_3","NULLABLE","STRING"
"D_700889863_6_6.D_206625031_6_6","NULLABLE","STRING"
"D_700889863_6_6.D_261863326_6_6","NULLABLE","STRING"
"D_158354252_7_7.D_206625031_7_7","NULLABLE","STRING"
"D_473190270_2_2.D_206625031_2_2","NULLABLE","STRING"
"D_384881609_1_1.D_206625031_1_1","NULLABLE","STRING"
"D_384881609_1_1.D_261863326_1_1_1_1_1_1_1_1_1_1_1_1_1_1_1_1_1_1_1_1_1_1_1_1_1","NULLABLE","STRING"
"D_384881609_1_1.D_261863326_1_1","NULLABLE","STRING"
"D_852278004_3_3.D_206625031_3_3","NULLABLE","STRING"
"D_852278004_3_3.D_261863326_3_3","NULLABLE","STRING"
"D_969177591_4_4.D_206625031_4_4_4_4_4_4_4_4_4_4_4_4_4_4_4_4_4_4_4_4_4_4_4_4_4","NULLABLE","STRING"
"D_969177591_4_4.D_206625031_4_4","NULLABLE","STRING"
"D_127257956_3_3.D_206625031_3_3","NULLABLE","STRING"
"D_852278004_5_5.D_206625031_5_5","NULLABLE","STRING"
"D_852278004_5_5.D_261863326_5_5","NULLABLE","STRING"
"D_158354252_4_4.D_206625031_4_4","NULLABLE","STRING"
"D_158354252_4_4.D_261863326_4_4","NULLABLE","STRING"
"D_142912472_4_4.D_206625031_4_4","NULLABLE","STRING"
"D_142912472_4_4.D_261863326_4_4","NULLABLE","STRING"
"D_195363361_5_5.D_206625031_5_5","NULLABLE","STRING"
"D_216840563_3_3.D_206625031_3_3","NULLABLE","STRING"
"D_216840563_3_3.D_261863326_3_3","NULLABLE","STRING"
"D_236590500_6_6.D_182786508_6_6","NULLABLE","STRING"
"D_236590500_6_6.D_236590500_6_6","REPEATED","STRING"
"D_550722030_6_6.D_261863326_6_6","NULLABLE","STRING"
"D_550722030_6_6.D_206625031_6_6","NULLABLE","STRING"
"D_907590067_8_8.D_206625031_8_8","NULLABLE","STRING"
"D_907590067_8_8.D_261863326_8_8","NULLABLE","STRING"
"D_907590067_8_8.D_206625031_8_8_8_8_8_8_8_8_8_8_8_8_8_8_8_8_8_8_8_8_8_8_8_8_8","NULLABLE","STRING"
"D_860112841_12_12.D_206625031_12_12","NULLABLE","STRING"
"D_259089008_6_6.D_206625031_6_6","NULLABLE","STRING"
"D_259089008_6_6.D_206625031_6_6_6_6_6_6_6_6_6_6_6_6_6_6_6_6_6_6_6_6_6_6_6_6_6","NULLABLE","STRING"
"D_907590067_12_12.D_206625031_12_12","NULLABLE","STRING"
"D_578895128_12_12.D_578895128_12_12","REPEATED","STRING"
"D_861788020_2_2.D_206625031_2_2","NULLABLE","STRING"
"D_601211723_1_1.D_206625031_1_1","NULLABLE","STRING"
"D_601211723_1_1.D_261863326_1_1","NULLABLE","STRING"
"D_601211723_1_1.D_261863326_1_1_1_1_1_1_1_1_1_1_1_1_1_1_1_1_1_1_1_1_1_1_1_1_1","NULLABLE","STRING"
"D_852278004_6_6.D_206625031_6_6","NULLABLE","STRING"
"D_852278004_6_6.D_261863326_6_6","NULLABLE","STRING"
"D_852278004_8_8.D_206625031_8_8","NULLABLE","STRING"
"D_473190270_1_1.D_206625031_1_1","NULLABLE","STRING"
"D_473190270_1_1.D_261863326_1_1","NULLABLE","STRING"
"D_116065851_1_1.D_206625031_1_1","NULLABLE","STRING"
"D_116065851_1_1.D_206625031_1_1_1_1_1_1_1_1_1_1_1_1_1_1_1_1_1_1_1_1_1_1_1_1_1","NULLABLE","STRING"
"D_116065851_1_1.D_261863326_1_1","NULLABLE","STRING"
"D_537137982_12_12.D_338020179_12_12","NULLABLE","STRING"
"D_537137982_12_12.D_537137982_12_12","REPEATED","STRING"
"D_682651189_5_5.D_206625031_5_5","NULLABLE","STRING"
"D_682651189_5_5.D_261863326_5_5","NULLABLE","STRING"
"D_861788020_1_1.D_261863326_1_1","NULLABLE","STRING"
"D_861788020_1_1.D_206625031_1_1","NULLABLE","STRING"
"D_550722030_4_4.D_206625031_4_4","NULLABLE","STRING"
"D_550722030_4_4.D_206625031_4_4_4_4_4_4_4_4_4_4_4_4_4_4_4_4_4_4_4_4_4_4_4_4_4","NULLABLE","STRING"
"D_550722030_4_4.D_261863326_4_4","NULLABLE","STRING"
"D_233764880_1_1.D_206625031_1_1","NULLABLE","STRING"
"D_908129316_1_1.D_206625031_1_1","NULLABLE","STRING"
"D_142912472_3_3.D_206625031_3_3","NULLABLE","STRING"
"D_142912472_3_3.D_206625031_3_3_3_3_3_3_3_3_3_3_3_3_3_3_3_3_3_3_3_3_3_3_3_3_3","NULLABLE","STRING"
"D_142912472_3_3.D_261863326_3_3","NULLABLE","STRING"
"D_142912472_3_3.D_261863326_3_3_3_3_3_3_3_3_3_3_3_3_3_3_3_3_3_3_3_3_3_3_3_3_3","NULLABLE","STRING"
"D_990114799_3_3.D_206625031_3_3","NULLABLE","STRING"
"D_990114799_3_3.D_261863326_3_3","NULLABLE","STRING"
"D_990114799_3_3.D_261863326_3_3_3_3_3_3_3_3_3_3_3_3_3_3_3_3_3_3_3_3_3_3_3_3_3","NULLABLE","STRING"
"D_990114799_3_3.D_206625031_3_3_3_3_3_3_3_3_3_3_3_3_3_3_3_3_3_3_3_3_3_3_3_3_3","NULLABLE","STRING"
"D_990114799_4_4.D_206625031_4_4","NULLABLE","STRING"
"D_990114799_4_4.D_261863326_4_4","NULLABLE","STRING"
"D_795003496_1_1.D_206625031_1_1","NULLABLE","STRING"
"D_795003496_1_1.D_206625031_1_1_1_1_1_1_1_1_1_1_1_1_1_1_1_1_1_1_1_1_1_1_1_1_1","NULLABLE","STRING"
"D_795003496_1_1.D_261863326_1_1","NULLABLE","STRING"
"D_315987564_7_7.D_206625031_7_7","NULLABLE","STRING"
"D_315987564_9_9.D_206625031_9_9","NULLABLE","STRING"
"D_384881609_3_3.D_206625031_3_3","NULLABLE","STRING"
"D_384881609_3_3.D_261863326_3_3","NULLABLE","STRING"
"D_514034680_7_7.D_206625031_7_7","NULLABLE","STRING"
"D_514034680_7_7.D_206625031_7_7_7_7_7_7_7_7_7_7_7_7_7_7_7_7_7_7_7_7_7_7_7_7_7","NULLABLE","STRING"
"D_514034680_7_7.D_261863326_7_7","NULLABLE","STRING"
"D_570279754_11_11.D_206625031_11_11","NULLABLE","STRING"
"D_570279754_11_11.D_206625031_11_11_11_11_11_11_11_11_11_11_11_11_11_11_11_11_11_11_11_11_11_11_11_11_11","NULLABLE","STRING"
"D_312545873_4_4.D_261863326_4_4","NULLABLE","STRING"
"D_312545873_4_4.D_206625031_4_4","NULLABLE","STRING"
"D_312545873_4_4.D_206625031_4_4_4_4_4_4_4_4_4_4_4_4_4_4_4_4_4_4_4_4_4_4_4_4_4","NULLABLE","STRING"
"D_312545873_4_4.D_261863326_4_4_4_4_4_4_4_4_4_4_4_4_4_4_4_4_4_4_4_4_4_4_4_4_4","NULLABLE","STRING"
"D_537137982_14_14.D_537137982_14_14","REPEATED","STRING"
"D_537137982_14_14.D_338020179_14_14","NULLABLE","STRING"
"D_845219872_1_1.D_261863326_1_1","NULLABLE","STRING"
"D_845219872_1_1.D_206625031_1_1","NULLABLE","STRING"
"D_331759900_1_1.D_206625031_1_1","NULLABLE","STRING"
"D_331759900_1_1.D_261863326_1_1","NULLABLE","STRING"
"D_315987564_6_6.D_206625031_6_6","NULLABLE","STRING"
"D_852278004_4_4.D_206625031_4_4","NULLABLE","STRING"
"D_852278004_4_4.D_261863326_4_4_4_4_4_4_4_4_4_4_4_4_4_4_4_4_4_4_4_4_4_4_4_4_4","NULLABLE","STRING"
"D_852278004_4_4.D_261863326_4_4","NULLABLE","STRING"
"D_700889863_7_7.D_206625031_7_7","NULLABLE","STRING"
"D_700889863_7_7.D_261863326_7_7","NULLABLE","STRING"
"D_312545873_9_9.D_261863326_9_9","NULLABLE","STRING"
"D_312545873_9_9.D_206625031_9_9","NULLABLE","STRING"
"D_142912472_7_7.D_206625031_7_7","NULLABLE","STRING"
"D_116065851_2_2.D_206625031_2_2","NULLABLE","STRING"
"D_483975329_6_6.D_206625031_6_6","NULLABLE","STRING"
"D_483975329_6_6.D_261863326_6_6","NULLABLE","STRING"
"D_861788020_3_3.D_206625031_3_3","NULLABLE","STRING"
"D_861788020_3_3.D_206625031_3_3_3_3_3_3_3_3_3_3_3_3_3_3_3_3_3_3_3_3_3_3_3_3_3","NULLABLE","STRING"
"D_860112841_5_5.D_206625031_5_5","NULLABLE","STRING"
"D_860112841_5_5.D_206625031_5_5_5_5_5_5_5_5_5_5_5_5_5_5_5_5_5_5_5_5_5_5_5_5_5","NULLABLE","STRING"
"D_579225381.D_802622485","NULLABLE","STRING"
"D_579225381.D_623218391","NULLABLE","STRING"
"D_990114799_7_7.D_206625031_7_7","NULLABLE","STRING"
"D_640010727_9_9.D_640010727_9_9","REPEATED","STRING"
"D_640010727_9_9.D_299300933_9_9","NULLABLE","STRING"
"D_640010727_9_9.D_299300933_9","NULLABLE","STRING"
"D_640010727_10_10.D_299300933_10_10","NULLABLE","STRING"
"D_640010727_10_10.D_640010727_10_10","REPEATED","STRING"
"D_640010727_10_10.D_299300933_10","NULLABLE","STRING"
"D_216840563_6_6.D_206625031_6_6","NULLABLE","STRING"
"D_990114799_10_10.D_206625031_10_10","NULLABLE","STRING"
"D_852278004_11_11.D_206625031_11_11","NULLABLE","STRING"
"D_529744595_13_13.D_206625031_13_13","NULLABLE","STRING"
"D_869387390_18_18.D_478706011_18_18","NULLABLE","STRING"
"D_869387390_18_18.D_869387390_18_18","REPEATED","STRING"
"D_860112841_6_6.D_261863326_6_6","NULLABLE","STRING"
"D_860112841_6_6.D_206625031_6_6","NULLABLE","STRING"
"D_312545873_8_8.D_261863326_8_8","NULLABLE","STRING"
"D_312545873_8_8.D_206625031_8_8","NULLABLE","STRING"
"D_209771602_7_7.D_206625031_7_7","NULLABLE","STRING"
"D_570279754_8_8.D_206625031_8_8","NULLABLE","STRING"
"D_550722030_8_8.D_206625031_8_8","NULLABLE","STRING"
"D_795003496_3_3.D_206625031_3_3","NULLABLE","STRING"
"D_845219872_4_4.D_261863326_4_4","NULLABLE","STRING"
"D_682651189_10_10.D_206625031_10_10","NULLABLE","STRING"
"D_236590500_7_7.D_182786508_7_7","NULLABLE","STRING"
"D_236590500_7_7.D_236590500_7_7","REPEATED","STRING"
"D_496917282_2_2.D_206625031_2_2","NULLABLE","STRING"
"D_271684775_2_2.D_206625031_2_2","NULLABLE","STRING"
"D_529744595_6_6.D_261863326_6_6_6_6_6_6_6_6_6_6_6_6_6_6_6_6_6_6_6_6_6_6_6_6_6","NULLABLE","STRING"
"D_529744595_6_6.D_206625031_6_6","NULLABLE","STRING"
"D_529744595_6_6.D_261863326_6_6","NULLABLE","STRING"
"D_142912472_9_9.D_206625031_9_9_9_9_9_9_9_9_9_9_9_9_9_9_9_9_9_9_9_9_9_9_9_9_9","NULLABLE","STRING"
"D_990114799_6_6.D_261863326_6_6_6_6_6_6_6_6_6_6_6_6_6_6_6_6_6_6_6_6_6_6_6_6_6","NULLABLE","STRING"
"D_990114799_6_6.D_261863326_6_6","NULLABLE","STRING"
"D_990114799_6_6.D_206625031_6_6","NULLABLE","STRING"
"D_142912472_6_6.D_261863326_6_6_6_6_6_6_6_6_6_6_6_6_6_6_6_6_6_6_6_6_6_6_6_6_6","NULLABLE","STRING"
"D_142912472_6_6.D_206625031_6_6","NULLABLE","STRING"
"D_142912472_6_6.D_261863326_6_6","NULLABLE","STRING"
"D_558929585_4_4.D_206625031_4_4","NULLABLE","STRING"
"D_514034680_10_10.D_206625031_10_10","NULLABLE","STRING"
"D_259089008_11_11.D_206625031_11_11","NULLABLE","STRING"
"D_216840563_5_5.D_206625031_5_5","NULLABLE","STRING"
"D_216840563_5_5.D_261863326_5_5_5_5_5_5_5_5_5_5_5_5_5_5_5_5_5_5_5_5_5_5_5_5_5","NULLABLE","STRING"
"D_700889863_8_8.D_261863326_8_8","NULLABLE","STRING"
"D_700889863_8_8.D_206625031_8_8","NULLABLE","STRING"
"D_774774759_3_3.D_206625031_3_3","NULLABLE","STRING"
"D_774774759_3_3.D_206625031_3_3_3_3_3_3_3_3_3_3_3_3_3_3_3_3_3_3_3_3_3_3_3_3_3","NULLABLE","STRING"
"D_654594205_4_4.D_206625031_4_4","NULLABLE","STRING"
"D_216840563_10_10.D_261863326_10_10","NULLABLE","STRING"
"D_216840563_10_10.D_206625031_10_10","NULLABLE","STRING"
"D_750994269_7_7.D_206625031_7_7","NULLABLE","STRING"
"D_907776050_2_2.D_206625031_2_2","NULLABLE","STRING"
"D_640010727_11_11.D_640010727_11_11","REPEATED","STRING"
"D_640010727_11_11.D_299300933_11_11","NULLABLE","STRING"
"D_519974530_2_2.D_206625031_2_2","NULLABLE","STRING"
"D_519974530_2_2.D_261863326_2_2","NULLABLE","STRING"
"D_158354252_8_8.D_206625031_8_8","NULLABLE","STRING"
"D_142912472_8_8.D_261863326_8_8","NULLABLE","STRING"
"D_116065851_3_3.D_206625031_3_3_3_3_3_3_3_3_3_3_3_3_3_3_3_3_3_3_3_3_3_3_3_3_3","NULLABLE","STRING"
"D_514034680_6_6.D_206625031_6_6","NULLABLE","STRING"
"D_514034680_6_6.D_261863326_6_6","NULLABLE","STRING"
"D_514034680_6_6.D_206625031_6_6_6_6_6_6_6_6_6_6_6_6_6_6_6_6_6_6_6_6_6_6_6_6_6","NULLABLE","STRING"
"D_236590500_9_9.D_182786508_9_9","NULLABLE","STRING"
"D_236590500_9_9.D_236590500_9_9","REPEATED","STRING"
"D_907776050_3_3.D_206625031_3_3","NULLABLE","STRING"
"D_529744595_10_10.D_206625031_10_10","NULLABLE","STRING"
"D_158409298_12_12.D_206625031_12_12","NULLABLE","STRING"
"D_869387390_17_17.D_869387390_17_17","REPEATED","STRING"
"D_869387390_17_17.D_478706011_17_17","NULLABLE","STRING"
"D_529744595_5_5.D_206625031_5_5","NULLABLE","STRING"
"D_550722030_5_5.D_261863326_5_5","NULLABLE","STRING"
"D_550722030_5_5.D_261863326_5_5_5_5_5_5_5_5_5_5_5_5_5_5_5_5_5_5_5_5_5_5_5_5_5","NULLABLE","STRING"
"D_550722030_5_5.D_206625031_5_5","NULLABLE","STRING"
"D_252160589_4_4.D_206625031_4_4","NULLABLE","STRING"
"D_142912472_5_5.D_206625031_5_5","NULLABLE","STRING"
"D_142912472_5_5.D_261863326_5_5","NULLABLE","STRING"
"D_640010727_12_12.D_640010727_12_12","REPEATED","STRING"
"D_640010727_12_12.D_299300933_12_12","NULLABLE","STRING"
"D_259089008_7_7.D_206625031_7_7","NULLABLE","STRING"
"D_529744595_8_8.D_206625031_8_8","NULLABLE","STRING"
"D_514034680_8_8.D_206625031_8_8","NULLABLE","STRING"
"D_247160067_8_8.D_206625031_8_8","NULLABLE","STRING"
"D_907590067_9_9.D_206625031_9_9","NULLABLE","STRING"
"D_907590067_9_9.D_261863326_9_9","NULLABLE","STRING"
"D_529744595_9_9.D_206625031_9_9","NULLABLE","STRING"
"D_529744595_9_9.D_261863326_9_9","NULLABLE","STRING"
"D_514034680_9_9.D_206625031_9_9","NULLABLE","STRING"
"D_578895128_14_14.D_578895128_14_14","REPEATED","STRING"
"D_578895128_14_14.D_957429734_14_14","NULLABLE","STRING"
"D_537137982_15_15.D_537137982_15_15","REPEATED","STRING"
"D_537137982_15_15.D_338020179_15_15","NULLABLE","STRING"
"D_537137982_16_16.D_537137982_16_16","REPEATED","STRING"
"D_537137982_16_16.D_338020179_16_16","NULLABLE","STRING"
"D_700889863_10_10.D_206625031_10_10","NULLABLE","STRING"
"D_812370563_5_5.D_933110091_5_5","NULLABLE","STRING"
"D_812370563_5_5.D_812370563_5_5","REPEATED","STRING"
"D_812370563_11_11.D_812370563_11_11","REPEATED","STRING"
"D_483735587_11_11.D_206625031_11_11","NULLABLE","STRING"
"D_640010727_13_13.D_299300933_13_13","NULLABLE","STRING"
"D_640010727_14_14.D_299300933_14_14","NULLABLE","STRING"
"D_483975329_5_5.D_206625031_5_5","NULLABLE","STRING"
"D_158409298_8_8.D_261863326_8_8","NULLABLE","STRING"
"D_158409298_8_8.D_206625031_8_8","NULLABLE","STRING"
"D_312545873_6_6.D_261863326_6_6","NULLABLE","STRING"
"D_312545873_6_6.D_206625031_6_6","NULLABLE","STRING"
"D_209771602_9_9.D_206625031_9_9","NULLABLE","STRING"
"D_869387390_19_19.D_478706011_19_19","NULLABLE","STRING"
"D_869387390_19_19.D_869387390_19_19","REPEATED","STRING"
"D_570279754_7_7.D_206625031_7_7","NULLABLE","STRING"
"D_570279754_7_7.D_261863326_7_7","NULLABLE","STRING"
"D_869387390_20_20.D_478706011_20_20","NULLABLE","STRING"
"D_869387390_21_21.D_869387390_21_21","REPEATED","STRING"
"D_869387390_21_21.D_478706011_21_21","NULLABLE","STRING"
"D_869387390_22_22.D_869387390_22_22","REPEATED","STRING"
"D_869387390_22_22.D_478706011_22_22","NULLABLE","STRING"
"D_869387390_23_23.D_869387390_23_23","REPEATED","STRING"
"D_812370563_6_6.D_812370563_6_6","REPEATED","STRING"
"D_271684775_6_6.D_206625031_6_6","NULLABLE","STRING"
"D_682651189_8_8.D_206625031_8_8","NULLABLE","STRING"
"D_271684775_3_3.D_206625031_3_3","NULLABLE","STRING"
"D_905145893_3_3.D_206625031_3_3","NULLABLE","STRING"
"D_845219872_5_5.D_261863326_5_5","NULLABLE","STRING"
"D_682651189_9_9.D_206625031_9_9","NULLABLE","STRING"
"D_907590067_11_11.D_261863326_11_11","NULLABLE","STRING"
"D_907590067_11_11.D_206625031_11_11","NULLABLE","STRING"
"D_271684775_4_4.D_206625031_4_4","NULLABLE","STRING"
"D_654594205_7_7.D_261863326_7_7","NULLABLE","STRING"
"D_654594205_7_7.D_206625031_7_7","NULLABLE","STRING"
"D_483975329_4_4.D_261863326_4_4","NULLABLE","STRING"
"D_483975329_4_4.D_206625031_4_4","NULLABLE","STRING"
"D_391972881_12_12.D_206625031_12_12","NULLABLE","STRING"
"D_204425387_4_4.D_206625031_4_4","NULLABLE","STRING"
"D_391972881_6_6.D_261863326_6_6","NULLABLE","STRING"
"D_391972881_6_6.D_206625031_6_6","NULLABLE","STRING"
"D_529744595_7_7.D_206625031_7_7","NULLABLE","STRING"
"D_312545873_10_10.D_261863326_10_10","NULLABLE","STRING"
"D_312545873_10_10.D_206625031_10_10","NULLABLE","STRING"
"D_550722030_7_7.D_261863326_7_7","NULLABLE","STRING"
"D_127257956_1_1.D_206625031_1_1","NULLABLE","STRING"
"D_127257956_1_1.D_261863326_1_1","NULLABLE","STRING"
"D_483735587_4_4.D_206625031_4_4","NULLABLE","STRING"
"D_513077276_3_3.D_261863326_3_3_3_3_3_3_3_3_3_3_3_3_3_3_3_3_3_3_3_3_3_3_3_3_3","NULLABLE","STRING"
"D_513077276_3_3.D_206625031_3_3_3_3_3_3_3_3_3_3_3_3_3_3_3_3_3_3_3_3_3_3_3_3_3","NULLABLE","STRING"
"D_209771602_10_10.D_206625031_10_10","NULLABLE","STRING"
"D_142912472_11_11.D_206625031_11_11","NULLABLE","STRING"
"D_209771602_13_13.D_206625031_13_13","NULLABLE","STRING"
"D_558929585_2_2.D_206625031_2_2","NULLABLE","STRING"
"D_331759900_2_2.D_206625031_2_2","NULLABLE","STRING"
"D_278159347_4_4.D_206625031_4_4","NULLABLE","STRING"
"D_845219872_3_3.D_206625031_3_3","NULLABLE","STRING"
"D_860112841_11_11.D_206625031_11_11","NULLABLE","STRING"
"D_252160589_6_6.D_206625031_6_6","NULLABLE","STRING"
"D_852278004_7_7.D_261863326_7_7","NULLABLE","STRING"
"D_852278004_7_7.D_206625031_7_7","NULLABLE","STRING"
"D_271684775_5_5.D_206625031_5_5","NULLABLE","STRING"
"D_938150507_1_1.D_206625031_1_1","NULLABLE","STRING"
"D_514034680_11_11.D_206625031_11_11","NULLABLE","STRING"
"D_990114799_9_9.D_206625031_9_9","NULLABLE","STRING"
"D_513077276_1_1.D_261863326_1_1","NULLABLE","STRING"
"D_513077276_1_1.D_206625031_1_1","NULLABLE","STRING"
"D_774774759_2_2.D_206625031_2_2","NULLABLE","STRING"
"D_259089008_9_9.D_261863326_9_9","NULLABLE","STRING"
"D_259089008_9_9.D_206625031_9_9","NULLABLE","STRING"
"D_384881609_4_4.D_206625031_4_4","NULLABLE","STRING"
"D_473190270_3_3.D_261863326_3_3","NULLABLE","STRING"
"D_812370563_7_7.D_812370563_7_7","REPEATED","STRING"
"D_483735587_7_7.D_206625031_7_7","NULLABLE","STRING"
"D_513077276_2_2.D_206625031_2_2","NULLABLE","STRING"
"D_682651189_7_7.D_206625031_7_7","NULLABLE","STRING"
"D_537137982_18_18.D_537137982_18_18","REPEATED","STRING"
"D_537137982_21_21.D_537137982_21_21","REPEATED","STRING"
"D_236590500_10_10.D_182786508_10_10","NULLABLE","STRING"
"D_247160067_11_11.D_206625031_11_11","NULLABLE","STRING"
"D_247160067_14_14.D_206625031_14_14","NULLABLE","STRING"
"D_236590500_8_8.D_236590500_8_8","REPEATED","STRING"
"D_236590500_8_8.D_182786508_8_8","NULLABLE","STRING"
"D_315987564_11_11.D_206625031_11_11","NULLABLE","STRING"
"D_640010727_15_15.D_299300933_15_15","NULLABLE","STRING"
"D_483975329_7_7.D_206625031_7_7","NULLABLE","STRING"
"D_247160067_7_7.D_206625031_7_7","NULLABLE","STRING"
"D_247160067_9_9.D_206625031_9_9","NULLABLE","STRING"
"D_519974530_4_4.D_206625031_4_4","NULLABLE","STRING"
"D_550722030_10_10.D_206625031_10_10","NULLABLE","STRING"
"D_900939817_1_1.D_206625031_1_1","NULLABLE","STRING"
"D_247160067_10_10.D_206625031_10_10","NULLABLE","STRING"
"D_142912472_14_14.D_261863326_14_14","NULLABLE","STRING"
"D_384881609_2_2.D_206625031_2_2","NULLABLE","STRING"
"D_384881609_5_5.D_206625031_5_5","NULLABLE","STRING"
"D_578895128_19_19.D_578895128_19_19","REPEATED","STRING"
"D_537137982_22_22.D_537137982_22_22","REPEATED","STRING"
"D_938150507_4_4.D_261863326_4_4","NULLABLE","STRING"
"D_908129316_2_2.D_206625031_2_2","NULLABLE","STRING"
"D_195363361_7_7.D_206625031_7_7","NULLABLE","STRING"
"D_195363361_7_7.D_261863326_7_7","NULLABLE","STRING"
"D_860112841_7_7.D_206625031_7_7","NULLABLE","STRING"
"D_496917282_3_3.D_206625031_3_3","NULLABLE","STRING"
"D_259089008_10_10.D_206625031_10_10","NULLABLE","STRING"
"D_391972881_5_5.D_206625031_5_5","NULLABLE","STRING"
"D_391972881_11_11.D_206625031_11_11","NULLABLE","STRING"
"D_483975329_11_11.D_206625031_11_11","NULLABLE","STRING"
"D_204425387_6_6.D_206625031_6_6","NULLABLE","STRING"
"D_158409298_14_14.D_206625031_14_14","NULLABLE","STRING"
"D_483735587_5_5.D_261863326_5_5_5_5_5_5_5_5_5_5_5_5_5_5_5_5_5_5_5_5_5_5_5_5_5","NULLABLE","STRING"
"D_195363361_8_8.D_206625031_8_8","NULLABLE","STRING"
"D_519974530_1_1.D_206625031_1_1","NULLABLE","STRING"
"D_216840563_11_11.D_206625031_11_11","NULLABLE","STRING"
"D_812370563_8_8.D_812370563_8_8","REPEATED","STRING"
"D_845219872_8_8.D_206625031_8_8","NULLABLE","STRING"
"D_158354252_14_14.D_206625031_14_14","NULLABLE","STRING"
"D_127257956_2_2.D_206625031_2_2","NULLABLE","STRING"
"D_861788020_5_5.D_261863326_5_5","NULLABLE","STRING"
"D_860112841_9_9.D_206625031_9_9","NULLABLE","STRING"
"D_513077276_6_6.D_206625031_6_6","NULLABLE","STRING"
"D_537137982_20_20.D_537137982_20_20","REPEATED","STRING"
"D_774774759_4_4.D_206625031_4_4","NULLABLE","STRING"
"D_278159347_5_5.D_206625031_5_5","NULLABLE","STRING"
